route_id,Car,Datetime,Id,Capacity,Address,fill_level,Latitude,Longitude
1,SB-25-SOM,,,,"Strada Șelimbărului 90, Cisnădie, Romania",,45.7315361,24.1779393
1,SB-25-SOM,2024-10-15 06:14:38+00:00,O5AHDP,1.100L,"Calea Șurii Mari 39 B, Sibiu, Romania",51.0,45.8230393,24.1477036
1,SB-25-SOM,2024-10-15 06:19:38+00:00,O5AHDP,1.100L,"Calea Șurii Mari 39 B, Sibiu, Romania",92.0,45.8230393,24.1477036
1,SB-25-SOM,2024-10-15 06:32:00+00:00,NH7XHL,1.100L,"Calea Șurii Mari 39, Sibiu, Romania",14.0,45.8230307,24.1476182
1,SB-25-SOM,2024-10-15 06:38:19+00:00,HPDZUE,1.100L,"Strada Căprioarelor 1, Sibiu, Romania",71.0,45.81428589999999,24.1497705
1,SB-25-SOM,2024-10-15 06:46:41+00:00,BNY3U5,120L,"Strada Lungă 71, Sibiu, Romania",60.0,45.8101442,24.1471054
1,SB-25-SOM,2024-10-15 06:50:03+00:00,J4LA,120L,"Strada Țiglarilor 10, Sibiu, Romania",20.0,45.8071758,24.1441346
1,SB-25-SOM,2024-10-15 06:51:53+00:00,HLQKX5,1.100L,"Strada Țiglarilor 12, Sibiu, Romania",82.0,45.8073798,24.1438199
1,SB-25-SOM,2024-10-15 06:52:15+00:00,MO25A3,1.100L,"Strada Țiglarilor 12, Sibiu, Romania",86.0,45.8073798,24.1438199
1,SB-25-SOM,2024-10-15 06:52:47+00:00,OVR7LU,1.100L,"Strada Țiglarilor 12, Sibiu, Romania",74.0,45.8073798,24.1438199
1,SB-25-SOM,2024-10-15 06:54:43+00:00,M4FF,240L,"Strada Țiglarilor 20, Sibiu, Romania",74.0,45.8075681,24.143282
1,SB-25-SOM,2024-10-15 06:55:18+00:00,MNQ5,120L,"Strada Țiglarilor 24, Sibiu, Romania",87.0,45.807732,24.1430912
1,SB-25-SOM,2024-10-15 06:55:51+00:00,R2LY,120L,"Strada Țiglarilor 28, Sibiu, Romania",99.0,45.80784020000001,24.142898
1,SB-25-SOM,2024-10-15 06:56:30+00:00,AGGC,120L,"Strada Eschile 3, Sibiu, Romania",23.0,45.8082026,24.1428147
1,SB-25-SOM,2024-10-15 06:58:07+00:00,3WT5,1.100L,"Strada Eschile 6, Sibiu, Romania",2.0,45.808161,24.1430984
1,SB-25-SOM,2024-10-15 06:58:39+00:00,EXDE,1.100L,"Strada Eschile 6, Sibiu, Romania",21.0,45.808161,24.1430984
1,SB-25-SOM,2024-10-15 07:01:56+00:00,RSUZ,120L,"Strada Eschile 12, Sibiu, Romania",52.0,45.8085434,24.1435158
1,SB-25-SOM,2024-10-15 07:02:21+00:00,ICLYI5,120L,"Strada Eschile 15, Sibiu, Romania",1.0,45.8088189,24.1434038
1,SB-25-SOM,2024-10-15 07:02:36+00:00,FZRC,120L,"Strada Eschile 17, Sibiu, Romania",87.0,45.8088978,24.1433533
1,SB-25-SOM,2024-10-15 07:03:39+00:00,QO42KH,120L,"Strada Eschile 22, Sibiu, Romania",29.0,45.809119,24.143808
1,SB-25-SOM,2024-10-15 07:04:30+00:00,L5FA,120L,"Strada Eschile 25, Sibiu, Romania",37.0,45.8094143,24.1438062
1,SB-25-SOM,2024-10-15 07:04:35+00:00,YMH42D,120L,"Strada Pandurilor 15, Sibiu, Romania",1.0,45.8095158,24.1428497
1,SB-25-SOM,2024-10-15 07:05:04+00:00,DVRI,120L,"Strada Eschile 31, Sibiu, Romania",63.0,45.80978880000001,24.1438341
1,SB-25-SOM,2024-10-15 07:05:19+00:00,Y3UO,120L,"Strada Eschile 33, Sibiu, Romania",59.0,45.8098646,24.1438427
1,SB-25-SOM,2024-10-15 07:05:34+00:00,OBFG,120L,"Strada Eschile 37, Sibiu, Romania",20.0,45.8100444,24.1439597
1,SB-25-SOM,2024-10-15 07:05:49+00:00,XYIKBN,120L,"Strada Eschile 39, Sibiu, Romania",32.0,45.8101458,24.1439105
1,SB-25-SOM,2024-10-15 07:06:04+00:00,PKH6XW,120L,"Strada Eschile 41, Sibiu, Romania",75.0,45.81024310000001,24.1439796
1,SB-25-SOM,2024-10-15 07:06:30+00:00,RW46BK,120L,"Strada Eschile 43, Sibiu, Romania",57.0,45.8103231,24.1440708
1,SB-25-SOM,2024-10-15 07:07:15+00:00,FX3V,120L,"Strada Eschile 36, Sibiu, Romania",21.0,45.8104539,24.1443445
1,SB-25-SOM,2024-10-15 07:07:55+00:00,LTVP5I,120L,"Strada Eschile 49, Sibiu, Romania",88.0,45.8106896,24.1440049
1,SB-25-SOM,2024-10-15 07:08:11+00:00,H2JM,120L,"Strada Eschile 40, Sibiu, Romania",48.0,45.81052589999999,24.1444876
1,SB-25-SOM,2024-10-15 07:09:00+00:00,XJTO,120L,"Strada Traian Demetrescu 142, Sibiu, Romania",90.0,45.8093467,24.1400841
1,SB-25-SOM,2024-10-15 07:09:32+00:00,BLI4,120L,"Strada Florilor 38, Sibiu, Romania",58.0,45.8112388,24.1436132
1,SB-25-SOM,2024-10-15 07:09:58+00:00,GVTV,120L,"Strada Florilor 36 A, Sibiu, Romania",41.0,45.8111627,24.1434693
1,SB-25-SOM,2024-10-15 07:10:40+00:00,2F2D,120L,"Strada Florilor 30, Sibiu, Romania",91.0,45.8108785,24.1429247
1,SB-25-SOM,2024-10-15 07:11:36+00:00,IRA5,120L,"Strada Florilor 22, Sibiu, Romania",59.0,45.8105214,24.1422791
1,SB-25-SOM,2024-10-15 07:11:37+00:00,WKDH,120L,"Strada Florilor 23, Sibiu, Romania",79.0,45.810697,24.1420128
1,SB-25-SOM,2024-10-15 07:13:23+00:00,ZYZM,120L,"Strada Florilor 15, Sibiu, Romania",14.0,45.81050399999999,24.1416151
1,SB-25-SOM,2024-10-15 07:13:33+00:00,ZMUL,120L,"Strada Florilor 18, Sibiu, Romania",61.0,45.8104126,24.1419479
1,SB-25-SOM,2024-10-15 07:14:21+00:00,5FWEQY,120L,"Strada Florilor 13, Sibiu, Romania",61.0,45.8104243,24.1414764
1,SB-25-SOM,2024-10-15 07:14:33+00:00,4UZG,120L,"Strada Florilor 11, Sibiu, Romania",46.0,45.8105091,24.1412632
1,SB-25-SOM,2024-10-15 07:15:11+00:00,B6P3GH,120L,"Strada Florilor 12, Sibiu, Romania",61.0,45.8101045,24.1412992
1,SB-25-SOM,2024-10-15 07:15:31+00:00,KGBR,120L,"Strada Florilor 10, Sibiu, Romania",50.0,45.8101006,24.1411822
1,SB-25-SOM,2024-10-15 07:15:55+00:00,WAP3,120L,"Strada Florilor 3, Sibiu, Romania",54.0,45.8101336,24.1407668
1,SB-25-SOM,2024-10-15 07:17:13+00:00,ISKIQT,120L,"Strada Țiglarilor 67, Sibiu, Romania",63.0,45.8094202,24.1404949
1,SB-25-SOM,2024-10-15 07:17:47+00:00,H5JO,120L,"Strada Țiglarilor 52, Sibiu, Romania",2.0,45.8093855,24.141048
1,SB-25-SOM,2024-10-15 07:19:04+00:00,RSVP,120L,"Strada Crizantemelor 7, Sibiu, Romania",100.0,45.8096633,24.1418536
1,SB-25-SOM,2024-10-15 07:19:07+00:00,PBLT,120L,"Strada Crizantemelor 8, Sibiu, Romania",50.0,45.8095071,24.1422
1,SB-25-SOM,2024-10-15 07:19:36+00:00,BGLZ,120L,"Strada Crizantemelor 10, Sibiu, Romania",6.0,45.8096535,24.1424219
1,SB-25-SOM,2024-10-15 07:19:48+00:00,PKMB,120L,"Strada Crizantemelor 13, Sibiu, Romania",20.0,45.8098778,24.1422625
1,SB-25-SOM,2024-10-15 07:20:16+00:00,WUKQ,120L,"Strada Crizantemelor 12, Sibiu, Romania",72.0,45.80966249999999,24.1425894
1,SB-25-SOM,2024-10-15 07:21:00+00:00,QLZATW,120L,"Strada Crizantemelor 16, Sibiu, Romania",38.0,45.8097794,24.1427298
1,SB-25-SOM,2024-10-15 07:21:06+00:00,75RA,120L,"Strada Crizantemelor 17, Sibiu, Romania",17.0,45.810012,24.1426489
1,SB-25-SOM,2024-10-15 07:21:09+00:00,75RA,120L,"Strada Crizantemelor 17, Sibiu, Romania",3.0,45.810012,24.1426489
1,SB-25-SOM,2024-10-15 07:21:16+00:00,6OIV,120L,"Strada Crizantemelor 18, Sibiu, Romania",88.0,45.8098787,24.1428528
1,SB-25-SOM,2024-10-15 07:21:32+00:00,5KON,120L,"Strada Crizantemelor 19, Sibiu, Romania",59.0,45.8100876,24.142755
1,SB-25-SOM,2024-10-15 07:21:47+00:00,L7GY,120L,"Strada Crizantemelor 21, Sibiu, Romania",13.0,45.8101677,24.142847
1,SB-25-SOM,2024-10-15 07:22:17+00:00,A4FK,120L,"Strada Lăcrămioarelor 8, Sibiu, Romania",8.0,45.8101186,24.1432736
1,SB-25-SOM,2024-10-15 07:22:26+00:00,AJ2FQV,120L,"Strada Lăcrămioarelor 10, Sibiu, Romania",89.0,45.8102423,24.1431619
1,SB-25-SOM,2024-10-15 07:22:56+00:00,YJTH,120L,"Strada Lăcrămioarelor 14, Sibiu, Romania",52.0,45.8103873,24.1428986
1,SB-25-SOM,2024-10-15 07:23:19+00:00,A4NQ,120L,"Strada Lăcrămioarelor 16, Sibiu, Romania",1.0,45.8105211,24.1428207
1,SB-25-SOM,2024-10-15 07:23:36+00:00,A4NQ,120L,"Strada Lăcrămioarelor 16, Sibiu, Romania",83.0,45.8105211,24.1428207
1,SB-25-SOM,2024-10-15 07:23:50+00:00,AC4W,120L,"Strada Lăcrămioarelor 1, Sibiu, Romania",91.0,45.8104063,24.1425765
1,SB-25-SOM,2024-10-15 07:25:05+00:00,PCNHOZ,120L,"Strada Lăcrămioarelor 6, Sibiu, Romania",59.0,45.8100228,24.1433329
1,SB-25-SOM,2024-10-15 07:25:33+00:00,A2DB,120L,"Strada Lăcrămioarelor 4, Sibiu, Romania",70.0,45.8100001,24.1433558
1,SB-25-SOM,2024-10-15 07:25:49+00:00,7YUI,120L,"Strada Lăcrămioarelor 2, Sibiu, Romania",43.0,45.8098343,24.1434875
1,SB-25-SOM,2024-10-15 07:27:02+00:00,PNDB,120L,"Strada Pandurilor 14, Sibiu, Romania",7.0,45.8091386,24.1429711
1,SB-25-SOM,2024-10-15 07:27:03+00:00,O6TE,120L,"Strada Pandurilor 13, Sibiu, Romania",46.0,45.8092966,24.1427959
1,SB-25-SOM,2024-10-15 07:27:32+00:00,RQJH,120L,"Strada Pandurilor 12, Sibiu, Romania",34.0,45.8090261,24.1428419
1,SB-25-SOM,2024-10-15 07:27:52+00:00,BUAP,120L,"Strada Pandurilor 7, Sibiu, Romania",77.0,45.8091268,24.1423955
1,SB-25-SOM,2024-10-15 07:27:54+00:00,IRWG,120L,"Strada Pandurilor 10, Sibiu, Romania",80.0,45.8089591,24.1426779
1,SB-25-SOM,2024-10-15 07:29:04+00:00,AD3R,120L,"Strada Pandurilor 1, Sibiu, Romania",35.0,45.8089641,24.142149
1,SB-25-SOM,2024-10-15 07:30:52+00:00,BQ6Y,120L,"Strada Țiglarilor 34, Sibiu, Romania",49.0,45.8084158,24.1423504
1,SB-25-SOM,2024-10-15 07:31:59+00:00,MNUD,120L,"Strada Țiglarilor 45, Sibiu, Romania",3.0,45.8084319,24.1418079
1,SB-25-SOM,2024-10-15 07:32:00+00:00,VWTU,240L,"Strada Țiglarilor 40, Sibiu, Romania",1.0,45.8085339,24.1420674
1,SB-25-SOM,2024-10-15 07:33:02+00:00,YVXSD6,120L,"Strada Țiglarilor 51, Sibiu, Romania",5.0,45.808622,24.141505
1,SB-25-SOM,2024-10-15 07:33:49+00:00,WFCE,120L,"Strada Țiglarilor 44, Sibiu, Romania",53.0,45.8089539,24.1417648
1,SB-25-SOM,2024-10-15 07:34:13+00:00,GZKP,120L,"Strada Crizantemelor 2, Sibiu, Romania",3.0,45.8091453,24.1414308
1,SB-25-SOM,2024-10-15 07:35:09+00:00,DUYR,120L,"Strada Țiglarilor 60, Sibiu, Romania",53.0,45.8098772,24.1403899
1,SB-25-SOM,2024-10-15 07:35:47+00:00,CAHMA5,120L,"Strada Țiglarilor 64, Sibiu, Romania",92.0,45.8100436,24.1401571
1,SB-25-SOM,2024-10-15 07:36:33+00:00,CXDWRY,120L,"Strada Țiglarilor 66, Sibiu, Romania",62.0,45.810416,24.1395599
1,SB-25-SOM,2024-10-15 07:36:36+00:00,4BX3,120L,"Strada Țiglarilor 66, Sibiu, Romania",17.0,45.810416,24.1395599
1,SB-25-SOM,2024-10-15 07:37:09+00:00,D5Y7,120L,"Strada Țiglarilor 75, Sibiu, Romania",89.0,45.8100769,24.1391443
1,SB-25-SOM,2024-10-15 07:37:11+00:00,B3ZB,120L,"Strada Țiglarilor 70, Sibiu, Romania",43.0,45.8103856,24.1392672
1,SB-25-SOM,2024-10-15 07:37:56+00:00,PVRAIY,120L,"Strada Țiglarilor 70, Sibiu, Romania",33.0,45.8103856,24.1392672
1,SB-25-SOM,2024-10-15 07:37:58+00:00,PVRAIY,120L,"Strada Țiglarilor 70, Sibiu, Romania",73.0,45.8103856,24.1392672
1,SB-25-SOM,2024-10-15 07:38:34+00:00,SGIW,120L,"Strada Țiglarilor 79, Sibiu, Romania",61.0,45.8103546,24.1385725
1,SB-25-SOM,2024-10-15 07:38:39+00:00,2L6I,120L,"Strada Țiglarilor 77, Sibiu, Romania",99.0,45.8103421,24.1388166
1,SB-25-SOM,2024-10-15 07:39:32+00:00,VIUB,120L,"Strada Țiglarilor 76, Sibiu, Romania",13.0,45.8106286,24.1388355
1,SB-25-SOM,2024-10-15 07:39:50+00:00,LIEV,120L,"Strada Țiglarilor 81 A, Sibiu, Romania",94.0,45.8104546,24.1384245
1,SB-25-SOM,2024-10-15 07:39:54+00:00,7KUU,120L,"Strada Țiglarilor 76 A, Sibiu, Romania",47.0,45.8106049,24.1387229
1,SB-25-SOM,2024-10-15 07:40:18+00:00,YUUH,120L,"Strada Țiglarilor 83, Sibiu, Romania",14.0,45.8106069,24.138014
1,SB-25-SOM,2024-10-15 07:40:20+00:00,MX3D,120L,"Strada Țiglarilor 78, Sibiu, Romania",71.0,45.8107821,24.1385323
1,SB-25-SOM,2024-10-15 07:41:07+00:00,TQZ2,120L,"Strada Țiglarilor 83, Sibiu, Romania",77.0,45.8106069,24.138014
1,SB-25-SOM,2024-10-15 07:42:00+00:00,4OBW,120L,"Strada Dulgherilor 7, Sibiu, Romania",86.0,45.8101242,24.1373029
1,SB-25-SOM,2024-10-15 07:42:17+00:00,42E3,120L,"Strada Dulgherilor 11, Sibiu, Romania",61.0,45.8099687,24.1370627
1,SB-25-SOM,2024-10-15 07:43:38+00:00,EHNR,120L,"Strada Dulgherilor 18, Sibiu, Romania",39.0,45.8097855,24.1361751
1,SB-25-SOM,2024-10-15 07:46:45+00:00,6HTD,120L,"Strada Țiglarilor 84, Sibiu, Romania",84.0,45.8110824,24.1377991
1,SB-25-SOM,2024-10-15 07:47:23+00:00,6IME,120L,"Strada Țiglarilor 85, Sibiu, Romania",79.0,45.8107642,24.1375244
1,SB-25-SOM,2024-10-15 07:48:16+00:00,A2MK,240L,"Strada Țiglarilor 89, Sibiu, Romania",81.0,45.8108642,24.1370748
1,SB-25-SOM,2024-10-15 07:48:40+00:00,74ZLG3,120L,"Strada Țiglarilor 92, Sibiu, Romania",52.0,45.8113429,24.1370093
1,SB-25-SOM,2024-10-15 07:49:53+00:00,B3FI,120L,"Strada Țiglarilor 95, Sibiu, Romania",23.0,45.8111403,24.1364582
1,SB-25-SOM,2024-10-15 07:50:50+00:00,FDSTRJ,120L,"Strada Zidarilor 1, Sibiu, Romania",25.0,45.8109008,24.136249
1,SB-25-SOM,2024-10-15 07:50:56+00:00,H7MM,120L,"Strada Zidarilor 2, Sibiu, Romania",88.0,45.8107772,24.1361777
1,SB-25-SOM,2024-10-15 07:51:30+00:00,EUZU,120L,"Strada Zidarilor 7, Sibiu, Romania",59.0,45.8103597,24.1358126
1,SB-25-SOM,2024-10-15 07:51:50+00:00,LQS7,120L,"Strada Zidarilor 6, Sibiu, Romania",40.0,45.810429,24.135892
1,SB-25-SOM,2024-10-15 07:56:08+00:00,QOH2,120L,"Strada Țiglarilor 106, Sibiu, Romania",28.0,45.81178200000001,24.1358365
1,SB-25-SOM,2024-10-15 07:58:43+00:00,7WIN,240L,"Strada Țiglarilor 101, Sibiu, Romania",14.0,45.8120284,24.1342348
1,SB-25-SOM,2024-10-15 07:58:46+00:00,LUKAU6,240L,"Strada Țiglarilor 101, Sibiu, Romania",44.0,45.8120284,24.1342348
1,SB-25-SOM,2024-10-15 07:59:13+00:00,7VCQ,240L,"Strada Țiglarilor 101, Sibiu, Romania",64.0,45.8120284,24.1342348
1,SB-25-SOM,2024-10-15 08:01:02+00:00,FOY2RW,240L,"Strada Țiglarilor 103, Sibiu, Romania",88.0,45.8124406,24.1333924
1,SB-25-SOM,2024-10-15 08:01:07+00:00,7T6P,120L,"Strada Țiglarilor 103, Sibiu, Romania",70.0,45.8124406,24.1333924
1,SB-25-SOM,2024-10-15 08:01:28+00:00,DL7T,120L,"Strada Țiglarilor 103, Sibiu, Romania",8.0,45.8124406,24.1333924
1,SB-25-SOM,2024-10-15 08:01:55+00:00,L4APOF,120L,"Strada Țiglarilor 103, Sibiu, Romania",87.0,45.8124406,24.1333924
1,SB-25-SOM,2024-10-15 08:04:16+00:00,7QZLCR,1.100L,"Strada Țiglarilor 103, Sibiu, Romania",0.0,45.8124406,24.1333924
1,SB-25-SOM,2024-10-15 08:05:04+00:00,CUGP,120L,"Strada Țiglarilor 108, Sibiu, Romania",7.0,45.8128272,24.1332398
1,SB-25-SOM,2024-10-15 08:06:12+00:00,AWBU,120L,"Strada Țiglarilor 110, Sibiu, Romania",87.0,45.8128791,24.1331545
1,SB-25-SOM,2024-10-15 08:06:57+00:00,LDNFET,240L,"Strada Țiglarilor 105, Sibiu, Romania",62.0,45.8129308,24.1319943
1,SB-25-SOM,2024-10-15 08:07:34+00:00,5CNOGA,120L,"Strada Țiglarilor 116, Sibiu, Romania",10.0,45.8130516,24.132818
1,SB-25-SOM,2024-10-15 08:08:07+00:00,CMJT,120L,"Strada Țiglarilor 118, Sibiu, Romania",80.0,45.813142,24.1327056
1,SB-25-SOM,2024-10-15 08:08:20+00:00,VRJU,120L,"Strada Țiglarilor 120, Sibiu, Romania",7.0,45.81316229999999,24.1325126
1,SB-25-SOM,2024-10-15 08:08:57+00:00,4YA6,120L,"Strada Țiglarilor 122, Sibiu, Romania",34.0,45.813331,24.1323989
1,SB-25-SOM,2024-10-15 08:09:32+00:00,MPB5UZ,120L,"Strada Cuptorului 33 A, Sibiu, Romania",34.0,45.8135257,24.1324265
1,SB-25-SOM,2024-10-15 08:10:06+00:00,UJED,240L,"Strada Țiglarilor 128 A, Sibiu, Romania",32.0,45.8133495,24.1320312
1,SB-25-SOM,2024-10-15 08:10:38+00:00,7GNE,120L,"Strada Țiglarilor 111, Sibiu, Romania",4.0,45.8132268,24.1316163
1,SB-25-SOM,2024-10-15 08:16:37+00:00,7EKJ,120L,"Strada Deventer 7, Sibiu, Romania",40.0,45.8135929,24.1308212
1,SB-25-SOM,2024-10-15 08:17:38+00:00,7AS6,120L,"Strada Deventer 15, Sibiu, Romania",27.0,45.813825,24.1301385
1,SB-25-SOM,2024-10-15 08:19:41+00:00,CQS7,120L,"Strada Cuptorului 38, Sibiu, Romania",6.0,45.8139536,24.1323146
1,SB-25-SOM,2024-10-15 08:20:25+00:00,OTAV,120L,"Strada Cuptorului 36, Sibiu, Romania",72.0,45.8138513,24.1324207
1,SB-25-SOM,2024-10-15 08:21:09+00:00,SBEF,120L,"Strada Cuptorului 34, Sibiu, Romania",71.0,45.8138028,24.1324837
1,SB-25-SOM,2024-10-15 08:21:25+00:00,XAI5V2,120L,"Strada Cuptorului 31, Sibiu, Romania",11.0,45.8134617,24.1325527
1,SB-25-SOM,2024-10-15 08:21:48+00:00,F6QH,120L,"Strada Cuptorului 30, Sibiu, Romania",33.0,45.813657,24.132764
1,SB-25-SOM,2024-10-15 08:22:09+00:00,IYZ6,120L,"Strada Cuptorului 29, Sibiu, Romania",32.0,45.8133731,24.1327816
1,SB-25-SOM,2024-10-15 08:22:16+00:00,UNYVJN,120L,"Strada Cuptorului 26, Sibiu, Romania",47.0,45.8135908,24.1331
1,SB-25-SOM,2024-10-15 08:23:20+00:00,R6JV,120L,"Strada Cuptorului 25, Sibiu, Romania",22.0,45.8132929,24.1330116
1,SB-25-SOM,2024-10-15 08:23:47+00:00,63NT,120L,"Strada Cuptorului 23, Sibiu, Romania",61.0,45.8132258,24.1331379
1,SB-25-SOM,2024-10-15 08:23:51+00:00,HQHV6X,120L,"Strada Cuptorului 20, Sibiu, Romania",87.0,45.813404,24.13343
1,SB-25-SOM,2024-10-15 08:24:30+00:00,73TR,120L,"Strada Cuptorului 19, Sibiu, Romania",36.0,45.8130975,24.1334557
1,SB-25-SOM,2024-10-15 08:25:38+00:00,C2ANBH,120L,"Strada Cuptorului 14 B, Sibiu, Romania",98.0,45.8137184,24.133975
1,SB-25-SOM,2024-10-15 08:27:33+00:00,TDTR,120L,"Strada Cuptorului 13, Sibiu, Romania",43.0,45.81281269999999,24.1342796
1,SB-25-SOM,2024-10-15 08:28:06+00:00,E5AO,120L,"Strada Cuptorului 14, Sibiu, Romania",85.0,45.8128602,24.1348603
1,SB-25-SOM,2024-10-15 08:29:03+00:00,NL5N,120L,"Strada Cuptorului 1, Sibiu, Romania",90.0,45.8125015,24.1351597
1,SB-25-SOM,2024-10-15 08:29:45+00:00,ZJKN,120L,"Strada Cuptorului 3, Sibiu, Romania",34.0,45.8125396,24.135053
1,SB-25-SOM,2024-10-15 08:30:53+00:00,X2CB,120L,"Strada Cuptorului 12, Sibiu, Romania",64.0,45.813126,24.135113
1,SB-25-SOM,2024-10-15 08:30:56+00:00,JICQOG,120L,"Strada Cuptorului 7 G, Sibiu, Romania",98.0,45.812664,24.134771
1,SB-25-SOM,2024-10-15 08:31:30+00:00,GPHC,120L,"Strada Cuptorului 10, Sibiu, Romania",100.0,45.8131539,24.1356496
1,SB-25-SOM,2024-10-15 08:36:36+00:00,2CB5UZ,1.100L,"Strada Cuptorului 12 B, Sibiu, Romania",46.0,45.8132867,24.1352103
1,SB-25-SOM,2024-10-15 08:40:11+00:00,SQK2,120L,"Strada Ulmului 62, Sibiu, Romania",77.0,45.8144628,24.1375994
1,SB-25-SOM,2024-10-15 08:40:37+00:00,5IM6RQ,120L,"Strada Ulmului 60, Sibiu, Romania",2.0,45.8146056,24.1377702
1,SB-25-SOM,2024-10-15 08:40:58+00:00,EFXC,120L,"Strada Ulmului 56, Sibiu, Romania",0.0,45.8149168,24.1379463
1,SB-25-SOM,2024-10-15 08:42:44+00:00,H7KEWX,120L,"Strada Ulmului 35 A, Sibiu, Romania",4.0,45.8150091,24.1385229
1,SB-25-SOM,2024-10-15 08:43:00+00:00,AP3D,120L,"Strada Ulmului 50 A, Sibiu, Romania",89.0,45.81525569999999,24.1385702
1,SB-25-SOM,2024-10-15 08:43:50+00:00,AFE3,120L,"Strada Ulmului 50 A, Sibiu, Romania",13.0,45.81525569999999,24.1385702
1,SB-25-SOM,2024-10-15 08:44:37+00:00,IJBU,120L,"Strada Ulmului 46, Sibiu, Romania",26.0,45.814923,24.1391554
1,SB-25-SOM,2024-10-15 08:44:39+00:00,5HUB,120L,"Strada Ulmului 46, Sibiu, Romania",8.0,45.814923,24.1391554
1,SB-25-SOM,2024-10-15 08:45:21+00:00,P7QA,120L,"Strada Ulmului 44, Sibiu, Romania",78.0,45.814861,24.1392665
1,SB-25-SOM,2024-10-15 08:46:02+00:00,G4QPXW,120L,"Strada Ulmului 27, Sibiu, Romania",14.0,45.8144208,24.1394785
1,SB-25-SOM,2024-10-15 08:46:14+00:00,WZLA,120L,"Strada Ulmului 40, Sibiu, Romania",89.0,45.8147094,24.1395087
1,SB-25-SOM,2024-10-15 08:48:13+00:00,I6E5,120L,"Strada Ulmului 34, Sibiu, Romania",41.0,45.8143023,24.1401542
1,SB-25-SOM,2024-10-15 08:48:55+00:00,MCE7DG,120L,"Strada Ulmului 32, Sibiu, Romania",76.0,45.8142186,24.1402759
1,SB-25-SOM,2024-10-15 08:49:40+00:00,ORMMLR,120L,"Strada Ulmului 25, Sibiu, Romania",50.0,45.81380619999999,24.1403312
1,SB-25-SOM,2024-10-15 08:50:02+00:00,7TCM,1.100L,"Strada Ulmului 28, Sibiu, Romania",62.0,45.8136264,24.1409317
1,SB-25-SOM,2024-10-15 08:54:22+00:00,JBCWEX,120L,"Strada Florilor 12 A, Sibiu, Romania",95.0,45.8100892,24.1415189
1,SB-25-SOM,2024-10-15 08:58:13+00:00,W6TD,120L,"Strada Ulmului 1, Sibiu, Romania",51.0,45.8119509,24.1427125
1,SB-25-SOM,2024-10-15 08:58:46+00:00,QZOB,120L,"Strada Ulmului 5, Sibiu, Romania",95.0,45.8116357,24.141904
1,SB-25-SOM,2024-10-15 08:58:47+00:00,OC26,120L,"Strada Ulmului 3, Sibiu, Romania",3.0,45.8120161,24.142653
1,SB-25-SOM,2024-10-15 08:59:29+00:00,5SY7,120L,"Strada Ulmului 9, Sibiu, Romania",93.0,45.8122535,24.142291
1,SB-25-SOM,2024-10-15 09:00:00+00:00,H5RK,120L,"Strada Ulmului 15, Sibiu, Romania",100.0,45.8124639,24.1420424
1,SB-25-SOM,2024-10-15 09:00:31+00:00,PSMN,120L,"Strada Ulmului 14, Sibiu, Romania",22.0,45.8127504,24.1422707
1,SB-25-SOM,2024-10-15 09:01:07+00:00,GI3Z,120L,"Strada Ulmului 18, Sibiu, Romania",14.0,45.8128332,24.1420858
1,SB-25-SOM,2024-10-15 09:01:25+00:00,UJ6YSF,120L,"Strada Ulmului 21, Sibiu, Romania",42.0,45.8127375,24.1416802
1,SB-25-SOM,2024-10-15 09:01:45+00:00,EGF425,120L,"Strada Record 37, Sibiu, Romania",28.0,45.8130061,24.1411357
1,SB-25-SOM,2024-10-15 09:02:29+00:00,6TZH,120L,"Strada Record 26, Sibiu, Romania",35.0,45.8125309,24.1412378
1,SB-25-SOM,2024-10-15 09:05:12+00:00,7KJ2,120L,"Strada Lacul lui Binder 4, Sibiu, Romania",12.0,45.8097258,24.1321131
1,SB-25-SOM,2024-10-15 09:05:24+00:00,KK4T,120L,"Strada Țiglarilor 101, Sibiu, Romania",31.0,45.8120284,24.1342348
1,SB-25-SOM,2024-10-15 09:06:40+00:00,SOROBW,120L,"Strada Lacul lui Binder 5, Sibiu, Romania",70.0,45.8099885,24.132706
1,SB-25-SOM,2024-10-15 09:09:44+00:00,VNCA,120L,"Strada Lutului 76, Sibiu, Romania",58.0,45.8077405,24.134878
1,SB-25-SOM,2024-10-15 09:09:59+00:00,UJDFJW,120L,"Strada Lutului 74, Sibiu, Romania",85.0,45.8078105,24.1349943
1,SB-25-SOM,2024-10-15 09:10:26+00:00,46JF75,120L,"Strada Lutului 60, Sibiu, Romania",27.0,45.8082843,24.1357171
1,SB-25-SOM,2024-10-15 09:11:46+00:00,T2X2,120L,"Strada Lutului 58, Sibiu, Romania",65.0,45.8083053,24.1359075
1,SB-25-SOM,2024-10-15 09:12:15+00:00,43XG,120L,"Strada Lutului 53, Sibiu, Romania",41.0,45.8083345,24.136262
1,SB-25-SOM,2024-10-15 09:12:41+00:00,VYIT,120L,"Strada Lutului 43 A, Sibiu, Romania",44.0,45.8086542,24.1366285
1,SB-25-SOM,2024-10-15 09:12:56+00:00,PIJZ,120L,"Strada Lutului 48, Sibiu, Romania",61.0,45.8088651,24.1365627
1,SB-25-SOM,2024-10-15 09:14:01+00:00,B534,120L,"Strada Lutului 40, Sibiu, Romania",56.0,45.8090872,24.1370183
1,SB-25-SOM,2024-10-15 09:14:02+00:00,RVU6,120L,"Strada Lutului 35, Sibiu, Romania",5.0,45.80894310000001,24.137191
1,SB-25-SOM,2024-10-15 09:14:29+00:00,4VYR,120L,"Strada Lutului 36, Sibiu, Romania",27.0,45.809195,24.1370195
1,SB-25-SOM,2024-10-15 09:14:32+00:00,SNVZ,120L,"Strada Lutului 31, Sibiu, Romania",27.0,45.8090823,24.1374162
1,SB-25-SOM,2024-10-15 09:14:42+00:00,FFFY,120L,"Strada Lutului 34, Sibiu, Romania",43.0,45.8092484,24.1371702
1,SB-25-SOM,2024-10-15 09:14:54+00:00,FN4Z,120L,"Strada Lutului 29, Sibiu, Romania",83.0,45.8091537,24.1375077
1,SB-25-SOM,2024-10-15 09:15:12+00:00,YABH,120L,"Strada Lutului 32, Sibiu, Romania",29.0,45.8093342,24.1372421
1,SB-25-SOM,2024-10-15 09:15:32+00:00,WV3D,120L,"Strada Ulmului 21, Sibiu, Romania",61.0,45.8127375,24.1416802
1,SB-25-SOM,2024-10-15 09:16:13+00:00,N7YA,120L,"Strada Lutului 22, Sibiu, Romania",74.0,45.8096075,24.1378064
1,SB-25-SOM,2024-10-15 09:16:15+00:00,XFJB4O,120L,"Strada Lutului 17, Sibiu, Romania",91.0,45.8095422,24.1380444
1,SB-25-SOM,2024-10-15 09:16:47+00:00,NDM7,120L,"Strada Lutului 14, Sibiu, Romania",88.0,45.809816,24.1380852
1,SB-25-SOM,2024-10-15 09:17:11+00:00,AVVB,120L,"Strada Lutului 8, Sibiu, Romania",61.0,45.8100696,24.1383579
1,SB-25-SOM,2024-10-15 09:18:59+00:00,YANR,120L,"Strada Sperantei 5, Sibiu, Romania",96.0,45.8082435,24.1387681
1,SB-25-SOM,2024-10-15 09:20:35+00:00,KIKG,120L,"Strada Carpaților 2, Sibiu, Romania",0.0,45.8068626,24.1388473
1,SB-25-SOM,2024-10-15 09:20:58+00:00,YIEA,120L,"Strada Carpaților 3 B, Sibiu, Romania",26.0,45.8070888,24.1388594
1,SB-25-SOM,2024-10-15 09:21:29+00:00,DOAY,120L,"Strada Carpaților 9, Sibiu, Romania",61.0,45.8074046,24.1396185
1,SB-25-SOM,2024-10-15 09:23:27+00:00,PWCW,120L,"Strada Carpaților 15, Sibiu, Romania",76.0,45.8076958,24.1402282
1,SB-25-SOM,2024-10-15 09:23:49+00:00,BT77,120L,"Strada Carpaților 17, Sibiu, Romania",2.0,45.8077179,24.140444
1,SB-25-SOM,2024-10-15 09:23:55+00:00,OXYS,120L,"Strada Carpaților 16 A, Sibiu, Romania",69.0,45.807458,24.1406727
1,SB-25-SOM,2024-10-15 09:25:01+00:00,JCPQ,120L,"Strada Carpaților 21, Sibiu, Romania",71.0,45.807852,24.1408196
1,SB-25-SOM,2024-10-15 09:25:26+00:00,QE67,120L,"Strada Carpaților 23, Sibiu, Romania",26.0,45.8079208,24.1409826
1,SB-25-SOM,2024-10-15 09:25:43+00:00,U6RM,120L,"Strada Carpaților 25, Sibiu, Romania",8.0,45.80801899999999,24.1410552
1,SB-25-SOM,2024-10-15 09:26:12+00:00,C7GGQV,120L,"Strada Carpaților 29, Sibiu, Romania",61.0,45.80823729999999,24.1411639
1,SB-25-SOM,2024-10-15 09:26:21+00:00,H644,120L,"Strada Carpaților 28, Sibiu, Romania",36.0,45.807997,24.1416037
1,SB-25-SOM,2024-10-15 09:26:47+00:00,R7PR,120L,"Strada Carpaților 31, Sibiu, Romania",96.0,45.8081484,24.141496
1,SB-25-SOM,2024-10-15 09:27:10+00:00,6LTW,120L,"Strada Carpaților 33, Sibiu, Romania",50.0,45.8082103,24.1417005
1,SB-25-SOM,2024-10-15 09:28:16+00:00,SCSO,120L,"Strada Margaretelor 41, Sibiu, Romania",43.0,45.8070538,24.1400768
1,SB-25-SOM,2024-10-15 09:28:46+00:00,LP4Y,120L,"Strada Țiglarilor 39, Sibiu, Romania",23.0,45.807703,24.142562
1,SB-25-SOM,2024-10-15 09:29:11+00:00,6MZI,120L,"Strada Țiglarilor 35 A, Sibiu, Romania",78.0,45.8074312,24.1428936
1,SB-25-SOM,2024-10-15 09:30:02+00:00,6LPK,120L,"Strada Țiglarilor 33 A, Sibiu, Romania",58.0,45.8074116,24.1429284
1,SB-25-SOM,2024-10-15 09:30:40+00:00,F3DJ,120L,"Strada Țiglarilor 25, Sibiu, Romania",31.0,45.8070662,24.1432465
1,SB-25-SOM,2024-10-15 09:30:51+00:00,K2PH,120L,"Strada Țiglarilor 21, Sibiu, Romania",95.0,45.8070362,24.1435363
1,SB-25-SOM,2024-10-15 09:31:19+00:00,X5VJW2,120L,"Strada Țiglarilor 25, Sibiu, Romania",87.0,45.8070662,24.1432465
1,SB-25-SOM,2024-10-15 09:32:07+00:00,MHKA,120L,"Strada Țiglarilor 11, Sibiu, Romania",51.0,45.806652,24.1439392
1,SB-25-SOM,2024-10-15 09:32:36+00:00,2ZO3T5,240L,"Strada Țiglarilor 7, Sibiu, Romania",61.0,45.8066172,24.1442573
1,SB-25-SOM,2024-10-15 09:32:41+00:00,5SD4,120L,"Strada Țiglarilor 7, Sibiu, Romania",57.0,45.8066172,24.1442573
1,SB-25-SOM,2024-10-15 09:33:19+00:00,WXUT,120L,"Strada Țiglarilor 3, Sibiu, Romania",51.0,45.8065438,24.1445459
1,SB-25-SOM,2024-10-15 09:33:43+00:00,6K5E,120L,"Strada Țiglarilor 3 A, Sibiu, Romania",11.0,45.8065438,24.1445459
1,SB-25-SOM,2024-10-15 09:34:22+00:00,X6LQ,120L,"Strada Lungă 53, Sibiu, Romania",38.0,45.8061631,24.1447147
1,SB-25-SOM,2024-10-15 09:35:02+00:00,FXZL,120L,"Strada Lungă 47, Sibiu, Romania",1.0,45.8057818,24.1446029
1,SB-25-SOM,2024-10-15 09:36:06+00:00,LRDP,120L,"Strada Lungă 37, Sibiu, Romania",2.0,45.80482970000001,24.1442536
1,SB-25-SOM,2024-10-15 09:36:21+00:00,6CJM,120L,"Strada Lungă 35 C, Sibiu, Romania",100.0,45.8047206,24.1442325
1,SB-25-SOM,2024-10-15 09:36:25+00:00,6DTX,120L,"Strada Lungă 35 A, Sibiu, Romania",55.0,45.7130205,24.1469036
1,SB-25-SOM,2024-10-15 09:37:16+00:00,UKOAXG,120L,"Strada Lungă 35, Sibiu, Romania",80.0,45.8047206,24.1442325
1,SB-25-SOM,2024-10-15 09:37:21+00:00,FX6X,120L,"Strada Lungă 35, Sibiu, Romania",58.0,45.8047206,24.1442325
1,SB-25-SOM,2024-10-15 09:37:57+00:00,WSNJB3,120L,"Strada Lungă 35, Sibiu, Romania",1.0,45.8047206,24.1442325
1,SB-25-SOM,2024-10-15 09:38:00+00:00,JF43EY,120L,"Strada Lungă 40, Sibiu, Romania",1.0,45.8047801,24.144543
1,SB-25-SOM,2024-10-15 09:38:20+00:00,6WVIGL,120L,"Strada Lungă 35, Sibiu, Romania",91.0,45.8047206,24.1442325
1,SB-25-SOM,2024-10-15 09:39:14+00:00,WQJ4,120L,"Strada Lungă 31, Sibiu, Romania",53.0,45.8040594,24.143992
1,SB-25-SOM,2024-10-15 09:39:17+00:00,FTXO,120L,"Strada Lungă 31, Sibiu, Romania",86.0,45.8040594,24.143992
1,SB-25-SOM,2024-10-15 09:39:50+00:00,2MCS,120L,"Strada Lungă 29, Sibiu, Romania",100.0,45.80387349999999,24.1440906
1,SB-25-SOM,2024-10-15 09:41:47+00:00,3AFF,120L,"Strada Lungă 17 A, Sibiu, Romania",95.0,45.8030152,24.1438551
1,SB-25-SOM,2024-10-15 09:42:58+00:00,IQXF,1.100L,"Strada Lungă 9, Sibiu, Romania",96.0,45.8025894,24.1431737
1,SB-25-SOM,2024-10-15 09:44:32+00:00,IATBI7,120L,"Strada Lungă 7, Sibiu, Romania",0.0,45.8020436,24.1435022
1,SB-25-SOM,2024-10-15 09:44:34+00:00,BESN,120L,"Strada Lungă 7, Sibiu, Romania",18.0,45.8020436,24.1435022
1,SB-25-SOM,2024-10-15 09:47:34+00:00,RRYH,120L,"Strada Ion Luca Caragiale 1, Sibiu, Romania",1.0,45.8014041,24.1428676
1,SB-25-SOM,2024-10-15 09:47:58+00:00,G4N6,120L,"Strada Ion Luca Caragiale 2, Sibiu, Romania",52.0,45.8016395,24.1429427
1,SB-25-SOM,2024-10-15 09:48:46+00:00,7CX2,120L,"Strada Ion Luca Caragiale 2, Sibiu, Romania",43.0,45.8016395,24.1429427
1,SB-25-SOM,2024-10-15 09:49:26+00:00,RSK3LI,120L,"Ion Luca Caragiale 8, Sibiu, Romania",89.0,45.8019245,24.1423152
1,SB-25-SOM,2024-10-15 09:50:55+00:00,6BJBLA,120L,"Strada Reconstrucției 2 A, Sibiu, Romania",31.0,45.800318,24.1431575
1,SB-25-SOM,2024-10-15 09:51:37+00:00,U67K,120L,"Strada Lungă 2 E, Sibiu, Romania",69.0,45.80066,24.144098
1,SB-25-SOM,2024-10-15 09:51:40+00:00,4UBK,120L,"Strada Râului 22 A, Sibiu, Romania",31.0,45.8049715,24.1505439
1,SB-25-SOM,2024-10-15 09:52:49+00:00,435TFU,120L,"Strada Lungă 2, Sibiu, Romania",67.0,45.8011987,24.1439071
1,SB-25-SOM,2024-10-15 09:53:40+00:00,5PA5,240L,"Strada Lungă 8 D, Sibiu, Romania",54.0,45.8017384,24.143702
1,SB-25-SOM,2024-10-15 09:53:46+00:00,SBWR,120L,"Strada Lungă 6, Sibiu, Romania",74.0,45.8015222,24.143873
1,SB-25-SOM,2024-10-15 09:53:48+00:00,PITBY7,240L,"Strada Lungă 8, Sibiu, Romania",55.0,45.8017384,24.143702
1,SB-25-SOM,2024-10-15 09:54:06+00:00,EOJ7T5,240L,"Strada Lungă 8 C, Sibiu, Romania",16.0,45.8017384,24.143702
1,SB-25-SOM,2024-10-15 09:54:13+00:00,7VYE37,240L,"Strada Lungă 8, Sibiu, Romania",37.0,45.8017384,24.143702
1,SB-25-SOM,2024-10-15 09:54:26+00:00,5PME,240L,"Strada Lungă 8 B, Sibiu, Romania",23.0,45.8017384,24.143702
1,SB-25-SOM,2024-10-15 09:55:01+00:00,KVT7,120L,"Strada Lungă 12, Sibiu, Romania",68.0,45.80781469999999,24.1456957
1,SB-25-SOM,2024-10-15 09:55:03+00:00,4YZE4J,120L,"Strada Lungă 10, Sibiu, Romania",97.0,45.8019372,24.143427
1,SB-25-SOM,2024-10-15 09:56:30+00:00,BV2OVR,120L,"Strada Lungă 16, Sibiu, Romania",69.0,45.8025967,24.1439723
1,SB-25-SOM,2024-10-15 09:57:22+00:00,ITS2,120L,"Strada Lungă 22, Sibiu, Romania",85.0,45.8031067,24.1442135
1,SB-25-SOM,2024-10-15 09:57:23+00:00,5M7N,240L,"Strada Lungă 22 B, Sibiu, Romania",10.0,45.8031067,24.1442135
1,SB-25-SOM,2024-10-15 09:58:08+00:00,5FEK,120L,"Strada Lungă 26 A, Sibiu, Romania",15.0,45.8033965,24.1445839
1,SB-25-SOM,2024-10-15 09:58:41+00:00,6ZGKYZ,240L,"Strada Lungă 26, Sibiu, Romania",96.0,45.8033965,24.1445839
1,SB-25-SOM,2024-10-15 10:01:23+00:00,5CDN,120L,"Strada General Bălan 42, Sibiu, Romania",72.0,45.804365,24.143916
1,SB-25-SOM,2024-10-15 10:01:26+00:00,PEIN,120L,"Strada Lungă 33, Sibiu, Romania",58.0,45.8043453,24.1441431
1,SB-25-SOM,2024-10-15 10:01:55+00:00,FOAUWV,240L,"Strada General Bălan 51, Sibiu, Romania",69.0,45.8044865,24.1440376
1,SB-25-SOM,2024-10-15 10:01:59+00:00,IANB,120L,"Strada General Bălan 51, Sibiu, Romania",79.0,45.8044865,24.1440376
1,SB-25-SOM,2024-10-15 10:02:32+00:00,6RCW,120L,"Strada General Bălan 40, Sibiu, Romania",92.0,45.8043709,24.1439175
1,SB-25-SOM,2024-10-15 10:02:35+00:00,OJJ3,120L,"Strada General Bălan 47, Sibiu, Romania",2.0,45.804485,24.143644
1,SB-25-SOM,2024-10-15 10:02:46+00:00,PI7FPO,120L,"Strada General Bălan 47, Sibiu, Romania",19.0,45.804485,24.143644
1,SB-25-SOM,2024-10-15 10:04:26+00:00,MB3T,120L,"Strada Lungă 25, Sibiu, Romania",58.0,45.8039758,24.1437529
1,SB-25-SOM,2024-10-15 10:04:35+00:00,DAES,120L,"Strada General Bălan 37, Sibiu, Romania",35.0,45.8039409,24.1432529
1,SB-25-SOM,2024-10-15 10:05:01+00:00,QKYD,120L,"Strada General Bălan 35, Sibiu, Romania",18.0,45.803838,24.143144
1,SB-25-SOM,2024-10-15 10:05:03+00:00,6732,120L,"Strada General Bălan 34, Sibiu, Romania",89.0,45.8037512,24.143363
1,SB-25-SOM,2024-10-15 10:05:50+00:00,OCG2,120L,"Strada General Bălan 33, Sibiu, Romania",66.0,45.8037249,24.1430239
1,SB-25-SOM,2024-10-15 10:06:55+00:00,BGGG,120L,"Strada General Bălan 28, Sibiu, Romania",18.0,45.803372,24.142932
1,SB-25-SOM,2024-10-15 10:07:22+00:00,63TS,120L,"Strada General Bălan 28, Sibiu, Romania",19.0,45.803372,24.142932
1,SB-25-SOM,2024-10-15 10:07:27+00:00,5R2U,120L,"Strada General Bălan 27, Sibiu, Romania",95.0,45.8034048,24.1427279
1,SB-25-SOM,2024-10-15 10:07:54+00:00,B2RM,120L,"Strada General Bălan 23, Sibiu, Romania",70.0,45.8033168,24.1425582
1,SB-25-SOM,2024-10-15 10:08:07+00:00,UFIX,120L,"Strada General Bălan 24, Sibiu, Romania",51.0,45.8031499,24.1427392
1,SB-25-SOM,2024-10-15 10:08:11+00:00,YWXV37,120L,"Strada General Bălan 21, Sibiu, Romania",32.0,45.8031701,24.142583
1,SB-25-SOM,2024-10-15 10:08:30+00:00,LKP3XO,120L,"Strada General Bălan 22, Sibiu, Romania",39.0,45.8030283,24.1426379
1,SB-25-SOM,2024-10-15 10:08:32+00:00,QZMA,120L,"Strada General Bălan 19, Sibiu, Romania",38.0,45.8030556,24.142443
1,SB-25-SOM,2024-10-15 10:09:07+00:00,NNJ2KY,120L,"Strada General Bălan 18, Sibiu, Romania",81.0,45.8028192,24.1424615
1,SB-25-SOM,2024-10-15 10:09:41+00:00,6BQJ,120L,"Strada General Bălan 14, Sibiu, Romania",0.0,45.8024946,24.1424418
1,SB-25-SOM,2024-10-15 10:09:43+00:00,JA5YGO,120L,"Strada General Bălan 11, Sibiu, Romania",10.0,45.80264100000001,24.1421389
1,SB-25-SOM,2024-10-15 10:10:23+00:00,EXNZ,120L,"Strada General Bălan 12, Sibiu, Romania",91.0,45.8024114,24.1423196
1,SB-25-SOM,2024-10-15 10:11:23+00:00,OO4C,120L,"Strada General Bălan 10, Sibiu, Romania",56.0,45.802282,24.142093
1,SB-25-SOM,2024-10-15 10:11:56+00:00,HW34,120L,"Strada General Bălan 5, Sibiu, Romania",88.0,45.802245,24.1419439
1,SB-25-SOM,2024-10-15 10:50:30+00:00,TDAR,120L,"Strada Honterus 2, Sibiu, Romania",49.0,45.8045887,24.1418263
1,SB-25-SOM,2024-10-15 10:50:35+00:00,BDI4,120L,"Strada Înfrățirii 17, Sibiu, Romania",22.0,45.8043663,24.1413537
1,SB-25-SOM,2024-10-15 10:51:23+00:00,Z3HP,120L,"Strada Honterus 7, Sibiu, Romania",30.0,45.8047608,24.1410364
1,SB-25-SOM,2024-10-15 10:51:27+00:00,KY4M,120L,"Strada Honterus 6, Sibiu, Romania",93.0,45.8049019,24.1413365
1,SB-25-SOM,2024-10-15 10:52:04+00:00,WAFM,120L,"Strada Honterus 12, Sibiu, Romania",41.0,45.8051056,24.1410024
1,SB-25-SOM,2024-10-15 10:52:23+00:00,H7AM,120L,"Strada Honterus 13, Sibiu, Romania",98.0,45.8051785,24.1403618
1,SB-25-SOM,2024-10-15 10:52:42+00:00,ZBXZFK,120L,"Strada Honterus 26, Sibiu, Romania",6.0,45.8055142,24.1403444
1,SB-25-SOM,2024-10-15 10:54:01+00:00,U4YY,120L,"Strada Honterus 38, Sibiu, Romania",15.0,45.8059604,24.1396662
1,SB-25-SOM,2024-10-15 10:54:40+00:00,6QMX,120L,"Strada Honterus 33, Sibiu, Romania",89.0,45.8060027,24.1390281
1,SB-25-SOM,2024-10-15 10:54:53+00:00,VJBQ,120L,"Strada Honterus 35, Sibiu, Romania",59.0,45.8057299,24.139786
1,SB-25-SOM,2024-10-15 10:56:30+00:00,MFIU,120L,"Strada Democrației 42, Sibiu, Romania",1.0,45.8065106,24.1403583
1,SB-25-SOM,2024-10-15 10:56:46+00:00,BNZ7,120L,"Strada Democrației 39, Sibiu, Romania",0.0,45.8062721,24.1401602
1,SB-25-SOM,2024-10-15 10:58:27+00:00,6I6E,120L,"Strada Democrației 33, Sibiu, Romania",47.0,45.806162,24.140468
1,SB-25-SOM,2024-10-15 10:58:42+00:00,2KZ2,120L,"Strada Democrației 32, Sibiu, Romania",11.0,45.8062222,24.1407952
1,SB-25-SOM,2024-10-15 10:58:47+00:00,WIBG,120L,"Strada Democrației 29, Sibiu, Romania",68.0,45.8059537,24.1405317
1,SB-25-SOM,2024-10-15 10:59:38+00:00,XSKK,120L,"Strada Democrației 28, Sibiu, Romania",36.0,45.8061173,24.1410086
1,SB-25-SOM,2024-10-15 11:00:07+00:00,4DOY,120L,"Strada Democrației 24, Sibiu, Romania",31.0,45.8059446,24.1412348
1,SB-25-SOM,2024-10-15 11:00:45+00:00,F3EENW,120L,"Strada Democrației 22, Sibiu, Romania",8.0,45.8059198,24.1412793
1,SB-25-SOM,2024-10-15 11:00:47+00:00,6RFTUR,120L,"Strada Democrației 19, Sibiu, Romania",98.0,45.8057314,24.1410638
1,SB-25-SOM,2024-10-15 11:01:24+00:00,EJ6F,120L,"Strada Democrației 20, Sibiu, Romania",18.0,45.8058752,24.1414635
1,SB-25-SOM,2024-10-15 11:01:28+00:00,DOLS,120L,"Strada Democrației 17, Sibiu, Romania",47.0,45.80563220000001,24.1412993
1,SB-25-SOM,2024-10-15 11:02:33+00:00,ENGP,120L,"Strada Democrației 11, Sibiu, Romania",79.0,45.8053943,24.1415933
1,SB-25-SOM,2024-10-15 11:03:01+00:00,YDGZ,120L,"Strada Democrației 14, Sibiu, Romania",2.0,45.8056384,24.1420193
1,SB-25-SOM,2024-10-15 11:03:59+00:00,5BEQ,120L,"Strada Democrației 12, Sibiu, Romania",19.0,45.8055677,24.1421301
1,SB-25-SOM,2024-10-15 11:05:50+00:00,NCTD,120L,"Strada Viorelelor 6, Sibiu, Romania",23.0,45.80560970000001,24.1431808
1,SB-25-SOM,2024-10-15 11:07:51+00:00,YIHVO4,120L,"Strada Viorelelor 5, Sibiu, Romania",53.0,45.8056674,24.1424689
1,SB-25-SOM,2024-10-15 11:08:18+00:00,VZ4J,120L,"Strada Viorelelor 14, Sibiu, Romania",32.0,45.8057683,24.1426662
1,SB-25-SOM,2024-10-15 11:08:58+00:00,2BSY,120L,"Strada Viorelelor 20, Sibiu, Romania",23.0,45.8059593,24.1423917
1,SB-25-SOM,2024-10-15 11:09:21+00:00,WCGB,120L,"Strada Viorelelor 13, Sibiu, Romania",74.0,45.80584169999999,24.1418425
1,SB-25-SOM,2024-10-15 11:10:18+00:00,ZYCY,120L,"Strada Viorelelor 23, Sibiu, Romania",71.0,45.8065499,24.141449
1,SB-25-SOM,2024-10-15 11:10:33+00:00,CSJJ,120L,"Strada Viorelelor 21, Sibiu, Romania",35.0,45.8064564,24.1412802
1,SB-25-SOM,2024-10-15 11:11:31+00:00,ZU3B,120L,"Strada Viorelelor 25, Sibiu, Romania",37.0,45.8065775,24.1413943
1,SB-25-SOM,2024-10-15 11:12:13+00:00,OCKI,120L,"Strada Simion Bărnuțiu 41, Sibiu, Romania",83.0,45.8068104,24.1413558
1,SB-25-SOM,2024-10-15 11:12:57+00:00,2BCN5D,120L,"Strada Simion Bărnuțiu 38, Sibiu, Romania",98.0,45.80710269999999,24.1414311
1,SB-25-SOM,2024-10-15 11:13:25+00:00,PJW7,120L,"Strada Simion Bărnuțiu 33, Sibiu, Romania",88.0,45.8065389,24.1419417
1,SB-25-SOM,2024-10-15 11:13:28+00:00,J2FI,120L,"Strada Simion Bărnuțiu 31, Sibiu, Romania",98.0,45.8064591,24.1420032
1,SB-25-SOM,2024-10-15 11:13:53+00:00,6GHW,120L,"Strada Simion Bărnuțiu 32, Sibiu, Romania",24.0,45.8066711,24.1422288
1,SB-25-SOM,2024-10-15 11:14:13+00:00,KFY4DZ,120L,"Strada Viorelelor 26, Sibiu, Romania",92.0,45.8061824,24.1419149
1,SB-25-SOM,2024-10-15 11:14:15+00:00,LCPJ6E,120L,"Strada Simion Bărnuțiu 30, Sibiu, Romania",17.0,45.8066336,24.142379
1,SB-25-SOM,2024-10-15 11:14:39+00:00,GJZX,120L,"Strada Simion Bărnuțiu 28, Sibiu, Romania",81.0,45.8065416,24.1424795
1,SB-25-SOM,2024-10-15 11:15:06+00:00,LZCS,120L,"Strada Simion Bărnuțiu 25, Sibiu, Romania",65.0,45.8062781,24.1423877
1,SB-25-SOM,2024-10-15 11:15:50+00:00,JPRILB,120L,"Strada Simion Bărnuțiu 23, Sibiu, Romania",53.0,45.8062125,24.1425357
1,SB-25-SOM,2024-10-15 11:16:42+00:00,N4WDNF,120L,"Strada Simion Bărnuțiu 16, Sibiu, Romania",34.0,45.8062373,24.1432381
1,SB-25-SOM,2024-10-15 11:17:04+00:00,Z7IT,120L,"Strada Simion Bărnuțiu 14, Sibiu, Romania",79.0,45.8061561,24.143375
1,SB-25-SOM,2024-10-15 11:18:19+00:00,QFFS,120L,"Strada Simion Bărnuțiu 2, Sibiu, Romania",60.0,45.805767,24.1441316
1,SB-25-SOM,2024-10-15 11:18:47+00:00,FECC,120L,"Strada Simion Bărnuțiu 1, Sibiu, Romania",40.0,45.8055919,24.144169
1,SB-25-SOM,2024-10-15 11:19:16+00:00,F3G5,120L,"Strada Simion Bărnuțiu 2 A, Sibiu, Romania",99.0,45.80569390000001,24.1442952
1,SB-25-SOM,2024-10-15 11:19:56+00:00,K6LO3M,240L,"Simion Bărnuțiu 1 A, Sibiu, Romania",32.0,45.8055057,24.1441447
1,SB-25-SOM,,,,"DN1 FN, Cristian 557085",,45.7881108,24.0277246
2,SB-30-SOM,,,,"Strada Șelimbărului 90, Cisnădie, Romania",,45.7315361,24.1779393
2,SB-30-SOM,2024-10-15 04:11:03+00:00,FJIP,120L,"Strada Ștefan cel Mare 31 B, Sibiu, Romania",67.0,45.7904756,24.1591489
2,SB-30-SOM,2024-10-15 04:12:08+00:00,755E,120L,"Strada Ștefan cel Mare 35, Sibiu, Romania",32.0,45.7906076,24.1597051
2,SB-30-SOM,2024-10-15 04:14:15+00:00,3FHA,120L,"Strasa Fratii Grahi 6, Sibiu, Romania",13.0,45.79081,24.1609789
2,SB-30-SOM,2024-10-15 04:14:19+00:00,YCYR,120L,"Strada Ștefan cel Mare 41, Sibiu, Romania",20.0,45.7904502,24.1604414
2,SB-30-SOM,2024-10-15 04:15:28+00:00,SVPU,120L,"Strada Ștefan cel Mare 20, Sibiu, Romania",47.0,45.7900748,24.1611039
2,SB-30-SOM,2024-10-15 04:17:19+00:00,FHT5,120L,"Strada Ștefan cel Mare 43, Sibiu, Romania",19.0,45.7903722,24.1618798
2,SB-30-SOM,2024-10-15 04:17:25+00:00,NT3JGZ,240L,"Strada Ștefan cel Mare 28, Sibiu, Romania",7.0,45.7900614,24.1618405
2,SB-30-SOM,2024-10-15 04:18:25+00:00,V6CE,120L,"Strada Ștefan cel Mare 45, Sibiu, Romania",6.0,45.790328,24.162366
2,SB-30-SOM,2024-10-15 04:19:17+00:00,GG4D,120L,"Strada Ștefan cel Mare 38, Sibiu, Romania",66.0,45.789956,24.1627736
2,SB-30-SOM,2024-10-15 04:19:53+00:00,FKVO,120L,"Strada Ștefan cel Mare 45 B, Sibiu, Romania",16.0,45.7902236,24.162921
2,SB-30-SOM,2024-10-15 04:21:21+00:00,FI2S,120L,"Strada Ștefan cel Mare 48, Sibiu, Romania",32.0,45.7899036,24.1639717
2,SB-30-SOM,2024-10-15 04:32:45+00:00,3QIZ,120L,"Strada Ștefan cel Mare 56, Sibiu, Romania",47.0,45.7898568,24.1649043
2,SB-30-SOM,2024-10-15 04:33:43+00:00,C5IKLT,120L,"Strada Ștefan cel Mare 60, Sibiu, Romania",75.0,45.7897723,24.1657205
2,SB-30-SOM,2024-10-15 04:34:34+00:00,YWVT,120L,"Strada Victor Hugo 5, Sibiu, Romania",58.0,45.78924929999999,24.1655403
2,SB-30-SOM,2024-10-15 04:35:35+00:00,FDHV,240L,"Strada Victor Hugo 9, Sibiu, Romania",85.0,45.7888858,24.1656902
2,SB-30-SOM,2024-10-15 04:40:28+00:00,SFGE,120L,"Strada Ștefan cel Mare 74, Sibiu, Romania",21.0,45.7896169,24.1680398
2,SB-30-SOM,2024-10-15 04:41:17+00:00,KPX2,120L,"Strada Ștefan cel Mare 80, Sibiu, Romania",29.0,45.7896172,24.1686284
2,SB-30-SOM,2024-10-15 04:41:24+00:00,73OH,120L,"Strada Ștefan cel Mare 82, Sibiu, Romania",37.0,45.7895103,24.1689187
2,SB-30-SOM,2024-10-15 04:42:16+00:00,PFO5,120L,"Strada Ștefan cel Mare 86, Sibiu, Romania",50.0,45.7895656,24.1693443
2,SB-30-SOM,2024-10-15 04:45:32+00:00,NLVP,120L,"Strada Ștefan cel Mare 112, Sibiu, Romania",53.0,45.78922439999999,24.1731605
2,SB-30-SOM,2024-10-15 04:45:35+00:00,6GCFNF,120L,"Strada Ștefan cel Mare 112, Sibiu, Romania",7.0,45.78922439999999,24.1731605
2,SB-30-SOM,2024-10-15 04:46:57+00:00,SREA,120L,"Strada Ștefan cel Mare 120, Sibiu, Romania",26.0,45.7889383,24.1739732
2,SB-30-SOM,2024-10-15 04:55:25+00:00,FFEGF2,120L,"Strada Triajului 16, Sibiu, Romania",26.0,45.7906451,24.1751774
2,SB-30-SOM,2024-10-15 04:57:55+00:00,GA42ZD,240L,"Strada Ștefan cel Mare 193, Sibiu, Romania",97.0,45.7894282,24.1890978
2,SB-30-SOM,2024-10-15 05:07:16+00:00,QFJ3V5,120L,"Strada Ștefan cel Mare 191, Sibiu, Romania",20.0,45.7886374,24.187119
2,SB-30-SOM,2024-10-15 05:08:11+00:00,JHNZBA,120L,"Strada Ludos 5, Sibiu, Romania",29.0,45.7683992,24.1264471
2,SB-30-SOM,2024-10-15 05:11:15+00:00,VNTZOL,1.100L,"Strada Ștefan cel Mare 152, Sibiu, Romania",96.0,45.7861017,24.1920002
2,SB-30-SOM,2024-10-15 05:18:28+00:00,VJAJJ3,1.100L,"Strada Ștefan cel Mare 150, Sibiu, Romania",27.0,45.7900966,24.1783189
2,SB-30-SOM,2024-10-15 05:20:44+00:00,BLANMG,120L,"Strada Ștefan cel Mare 193, Sibiu, Romania",63.0,45.7894282,24.1890978
2,SB-30-SOM,2024-10-15 05:22:22+00:00,GPB5EF,240L,"Strada Ștefan cel Mare 193, Sibiu, Romania",96.0,45.7894282,24.1890978
2,SB-30-SOM,2024-10-15 05:25:44+00:00,GEUSVG,120L,"Strada Rampa Ștefan cel Mare 152, Sibiu, Romania",68.0,45.7893347,24.175064
2,SB-30-SOM,2024-10-15 05:30:29+00:00,JQ7I,120L,"Strada Ștefan cel Mare 199, Sibiu, Romania",60.0,45.78939,24.1947
2,SB-30-SOM,2024-10-15 05:31:22+00:00,AETM2M,120L,"Strada Ștefan cel Mare 152, Sibiu, Romania",47.0,45.7861017,24.1920002
2,SB-30-SOM,2024-10-15 05:33:09+00:00,TKPOGB,120L,"Strada Ștefan cel Mare 152, Sibiu, Romania",18.0,45.7861017,24.1920002
2,SB-30-SOM,2024-10-15 05:45:59+00:00,X5LVA3,120L,"Strada Ștefan cel Mare 169, Sibiu, Romania",3.0,45.7900173,24.190366
2,SB-30-SOM,2024-10-15 05:54:11+00:00,KZ5MXH,120L,"Strada Ștefan cel Mare 193B, Sibiu, Romania",34.0,45.7890453,24.1924462
2,SB-30-SOM,2024-10-15 06:32:13+00:00,BUF4AK,120L,"Strada Ștefan cel Mare 152, Sibiu, Romania",63.0,45.7861017,24.1920002
2,SB-30-SOM,2024-10-15 06:33:23+00:00,GWASFK,120L,"Strada Ștefan cel Mare 152-154, Sibiu, Romania",48.0,45.7872423,24.1866132
2,SB-30-SOM,2024-10-15 06:36:05+00:00,VMOKD2,1.100L,"Strada Ștefan cel Mare 152, Sibiu, Romania",16.0,45.7861017,24.1920002
2,SB-30-SOM,2024-10-15 06:39:11+00:00,AKGA,120L,"Strada Caprelor 2, Sibiu, Romania",43.0,45.78960989999999,24.1843928
2,SB-30-SOM,2024-10-15 06:41:34+00:00,EA3A,120L,"Strada Ștefan cel Mare 147, Sibiu, Romania",91.0,45.7887263,24.1834794
2,SB-30-SOM,2024-10-15 06:50:39+00:00,ZBQW67,120L,"Strada Ștefan cel Mare 147, Sibiu, Romania",29.0,45.7887263,24.1834794
2,SB-30-SOM,2024-10-15 06:54:16+00:00,XKR4,120L,"Strada Ștefan cel Mare 137 B, Sibiu, Romania",92.0,45.7889846,24.1753864
2,SB-30-SOM,2024-10-15 06:56:06+00:00,IIJR,120L,"Strada Ștefan cel Mare 137 B, Sibiu, Romania",45.0,45.7889846,24.1753864
2,SB-30-SOM,2024-10-15 07:06:51+00:00,TSFP,120L,"Strada Ștefan cel Mare 127, Sibiu, Romania",5.0,45.7895985,24.1739182
2,SB-30-SOM,2024-10-15 07:07:01+00:00,TXASO3,120L,"Strada Ștefan cel Mare 125, Sibiu, Romania",98.0,45.7894903,24.1737681
2,SB-30-SOM,2024-10-15 07:08:36+00:00,X2NJ,120L,"Strada Ștefan cel Mare 128, Sibiu, Romania",36.0,45.7889732,24.1745678
2,SB-30-SOM,2024-10-15 07:08:53+00:00,YHSC,120L,"Strada Ștefan cel Mare 135, Sibiu, Romania",23.0,45.78947729999999,24.1745335
2,SB-30-SOM,2024-10-15 07:09:12+00:00,F7J4,120L,"Strada Ștefan cel Mare 126 A, Sibiu, Romania",92.0,45.7889947,24.1745016
2,SB-30-SOM,2024-10-15 07:10:45+00:00,LD6EBW,120L,"Strada Pacii 2, Sibiu, Romania",45.0,45.7890442,24.1747557
2,SB-30-SOM,2024-10-15 07:10:47+00:00,FU5H,120L,"Strada Pacii 4, Sibiu, Romania",52.0,45.78890860000001,24.1747277
2,SB-30-SOM,2024-10-15 07:11:20+00:00,GODE,120L,"Strada Pacii 4, Sibiu, Romania",94.0,45.78890860000001,24.1747277
2,SB-30-SOM,2024-10-15 07:12:03+00:00,F64N,120L,"Strada Ștefan cel Mare 137, Sibiu, Romania",98.0,45.7889846,24.1753864
2,SB-30-SOM,2024-10-15 07:13:20+00:00,RRX4RQ,120L,"Strada Rampa Ștefan cel Mare 1, Sibiu, Romania",59.0,45.7874629,24.1784473
2,SB-30-SOM,2024-10-15 07:13:54+00:00,54YS,120L,"Strada Ștefan cel Mare 1, Sibiu, Romania",96.0,45.789856,24.1534353
2,SB-30-SOM,2024-10-15 07:14:32+00:00,227VKI,120L,"Strada Rampa Ștefan cel Mare 5, Sibiu, Romania",62.0,45.7869241,24.179206
2,SB-30-SOM,2024-10-15 07:15:08+00:00,F376,120L,"Strada Rampa Ștefan cel Mare 8, Sibiu, Romania",84.0,45.7866591,24.1791982
2,SB-30-SOM,2024-10-15 07:15:24+00:00,3X5QFQ,120L,"Strada Rampa Ștefan cel Mare 8, Sibiu, Romania",31.0,45.7866591,24.1791982
2,SB-30-SOM,2024-10-15 07:15:26+00:00,3SWQ2K,120L,"Strada Semaforului 2, Sibiu, Romania",86.0,45.7818751,24.167202
2,SB-30-SOM,2024-10-15 07:16:32+00:00,EXYR,120L,"Strada Rampa Ștefan cel Mare 10, Sibiu, Romania",32.0,45.788662,24.1769713
2,SB-30-SOM,2024-10-15 07:23:42+00:00,ECGQHK,240L,"Strada Ștefan cel Mare 74, Sibiu, Romania",66.0,45.7896169,24.1680398
2,SB-30-SOM,2024-10-15 07:32:42+00:00,57CM,120L,"Strada Ștefan cel Mare 119 A, Sibiu, Romania",17.0,45.7895719,24.173414
2,SB-30-SOM,2024-10-15 07:33:42+00:00,DKB6,120L,"Strada Ștefan cel Mare 111, Sibiu, Romania",24.0,45.7896873,24.1726355
2,SB-30-SOM,2024-10-15 07:35:05+00:00,GQCD,120L,"Strada Ștefan cel Mare 99, Sibiu, Romania",94.0,45.7896726,24.1713996
2,SB-30-SOM,2024-10-15 07:35:06+00:00,BWSI,120L,"Strada Ștefan cel Mare 99, Sibiu, Romania",53.0,45.7896726,24.1713996
2,SB-30-SOM,2024-10-15 07:35:51+00:00,IEIH,120L,"Strada Ștefan cel Mare 93, Sibiu, Romania",57.0,45.78972960000001,24.1708122
2,SB-30-SOM,2024-10-15 07:38:22+00:00,VHIH,120L,"Strada Ștefan cel Mare 77, Sibiu, Romania",66.0,45.7898715,24.1685237
2,SB-30-SOM,2024-10-15 07:38:57+00:00,EMLY,120L,"Strada Ștefan cel Mare 75, Sibiu, Romania",45.0,45.7899232,24.1683022
2,SB-30-SOM,2024-10-15 07:39:01+00:00,EP3I,120L,"Strada Ștefan cel Mare 75 B, Sibiu, Romania",23.0,45.7899232,24.1683022
2,SB-30-SOM,2024-10-15 07:39:49+00:00,CODXPK,120L,"Strada Ștefan cel Mare 73, Sibiu, Romania",31.0,45.7899745,24.1680545
2,SB-30-SOM,2024-10-15 07:41:45+00:00,AUAARV,240L,"Strada Ștefan cel Mare 57 A, Sibiu, Romania",46.0,45.7902667,24.1665212
2,SB-30-SOM,2024-10-15 07:41:46+00:00,5NWM,120L,"Strada Ștefan cel Mare 59, Sibiu, Romania",85.0,45.7899906,24.1666485
2,SB-30-SOM,2024-10-15 07:42:24+00:00,H43MHV,120L,"Strada Ștefan cel Mare 55, Sibiu, Romania",22.0,45.7899988,24.1662387
2,SB-30-SOM,2024-10-15 07:44:30+00:00,62BG,120L,"Strada Balea 37, Sibiu, Romania",65.0,45.790806,24.163849
2,SB-30-SOM,2024-10-15 07:44:52+00:00,7PMF,120L,"Strada Diaconul Coresi 2, Sibiu, Romania",26.0,45.79060639999999,24.1644436
2,SB-30-SOM,2024-10-15 07:45:21+00:00,4PS6,120L,"Strada Diaconul Coresi 2 C, Sibiu, Romania",1.0,45.790833,24.1645515
2,SB-30-SOM,2024-10-15 07:45:28+00:00,K6XJ,120L,"Strada Diaconul Coresi 3, Sibiu, Romania",89.0,45.7911114,24.164606
2,SB-30-SOM,2024-10-15 07:45:56+00:00,N2M7,120L,"Strada Diaconul Coresi 4, Sibiu, Romania",16.0,45.7909781,24.1648209
2,SB-30-SOM,2024-10-15 07:46:33+00:00,EFTB,120L,"Strada Axente Sever 37, Sibiu, Romania",32.0,45.791311,24.164913
2,SB-30-SOM,2024-10-15 07:50:38+00:00,CF3L,120L,"Strada Balea 35, Sibiu, Romania",8.0,45.7910225,24.1636857
2,SB-30-SOM,2024-10-15 07:51:02+00:00,QJNV,120L,"Strada Balea 33, Sibiu, Romania",42.0,45.7911195,24.1635377
2,SB-30-SOM,2024-10-15 07:52:39+00:00,5XXV2R,120L,"Strada Balea 25, Sibiu, Romania",47.0,45.79173189999999,24.1629361
2,SB-30-SOM,2024-10-15 07:54:05+00:00,UQOC,120L,"Strada Balea 19, Sibiu, Romania",38.0,45.7921738,24.1624786
2,SB-30-SOM,2024-10-15 07:56:40+00:00,XI3J,120L,"Strada Balea 11, Sibiu, Romania",92.0,45.7926963,24.1617645
2,SB-30-SOM,2024-10-15 07:57:21+00:00,BPKS,120L,"Strada Balea 7, Sibiu, Romania",41.0,45.7929372,24.1614192
2,SB-30-SOM,2024-10-15 07:58:02+00:00,ZJBL,120L,"Strada Balea 7, Sibiu, Romania",25.0,45.7929372,24.1614192
2,SB-30-SOM,2024-10-15 07:58:37+00:00,PZWGRR,120L,"Strada Balea 3, Sibiu, Romania",98.0,45.793147,24.161102
2,SB-30-SOM,2024-10-15 08:02:40+00:00,BVG5KV,1.100L,"Strada Bâlea 8, Sibiu, Romania",49.0,45.79249979999999,24.1612732
2,SB-30-SOM,2024-10-15 08:04:28+00:00,EEB7,120L,"Strada Balea 12, Sibiu, Romania",24.0,45.7916532,24.1623206
2,SB-30-SOM,2024-10-15 08:05:36+00:00,5KKL,120L,"Strada Spartacus 13, Sibiu, Romania",23.0,45.7907057,24.1631217
2,SB-30-SOM,2024-10-15 08:06:04+00:00,AQRN,120L,"Strada Spartacus 13 A, Sibiu, Romania",12.0,45.7907363,24.163232
2,SB-30-SOM,2024-10-15 08:06:43+00:00,6NINN2,120L,"Strada Spartacus 15, Sibiu, Romania",59.0,45.790547,24.16346
2,SB-30-SOM,2024-10-15 08:09:43+00:00,4GKMDN,120L,"Strada Balea 2, Sibiu, Romania",6.0,45.7940517,24.1598935
2,SB-30-SOM,2024-10-15 08:10:28+00:00,GKP3,120L,"Strada Constantin Noica 2, Sibiu, Romania",56.0,45.79376569999999,24.1596639
2,SB-30-SOM,2024-10-15 08:10:30+00:00,QGSO,120L,"Strada Constantin Noica 2, Sibiu, Romania",35.0,45.79376569999999,24.1596639
2,SB-30-SOM,2024-10-15 08:11:08+00:00,UTY5,120L,"Strada Constantin Noica 3, Sibiu, Romania",44.0,45.7932232,24.1593784
2,SB-30-SOM,2024-10-15 08:12:24+00:00,4IPOVU,120L,"Strada Constantin Noica 8, Sibiu, Romania",19.0,45.7933204,24.1585707
2,SB-30-SOM,2024-10-15 08:13:01+00:00,VVM3,120L,"Strada Constantin Noica 10, Sibiu, Romania",64.0,45.7930308,24.1581619
2,SB-30-SOM,2024-10-15 08:14:05+00:00,JLEN,120L,"Strada Constantin Noica 11, Sibiu, Romania",7.0,45.7925003,24.158028
2,SB-30-SOM,2024-10-15 08:15:15+00:00,DX5X,120L,"Strada Vartopu 6, Sibiu, Romania",15.0,45.7930399,24.1574063
2,SB-30-SOM,2024-10-15 08:15:25+00:00,DXZE,120L,"Strada Vartopu 1, Sibiu, Romania",13.0,45.7931044,24.1578527
2,SB-30-SOM,2024-10-15 08:16:24+00:00,PHLC,120L,"Strada Constantin Noica 12, Sibiu, Romania",75.0,45.7927672,24.1574548
2,SB-30-SOM,2024-10-15 08:18:22+00:00,QMRW,240L,"Strada Constantin Noica 20 A, Sibiu, Romania",86.0,45.7921181,24.1559759
2,SB-30-SOM,2024-10-15 08:19:17+00:00,FU57,120L,"Strada Constantin Noica 23, Sibiu, Romania",14.0,45.791982,24.1569965
2,SB-30-SOM,2024-10-15 08:19:33+00:00,7VIZ,120L,"Strada Constantin Noica 18, Sibiu, Romania",91.0,45.7924052,24.1565636
2,SB-30-SOM,2024-10-15 08:19:58+00:00,D7IW,120L,"Strada Constantin Noica 16, Sibiu, Romania",97.0,45.7925474,24.1570524
2,SB-30-SOM,2024-10-15 08:20:02+00:00,HV4N,120L,"Strada Constantin Noica 16, Sibiu, Romania",65.0,45.7925474,24.1570524
2,SB-30-SOM,2024-10-15 08:21:39+00:00,EELK,240L,"Strada Constantin Noica 20, Sibiu, Romania",31.0,45.7921181,24.1559759
2,SB-30-SOM,2024-10-15 08:22:17+00:00,X6RI,240L,"Strada Constantin Noica 20, Sibiu, Romania",86.0,45.7921181,24.1559759
2,SB-30-SOM,2024-10-15 08:23:15+00:00,VQ2Y,240L,"Strada Constantin Noica 20, Sibiu, Romania",62.0,45.7921181,24.1559759
2,SB-30-SOM,2024-10-15 08:23:44+00:00,Q3R2,120L,"Strada Constantin Noica 25, Sibiu, Romania",85.0,45.7916912,24.1563655
2,SB-30-SOM,2024-10-15 08:23:49+00:00,GLL3,120L,"Strada Constantin Noica 25, Sibiu, Romania",50.0,45.7916912,24.1563655
2,SB-30-SOM,2024-10-15 08:25:06+00:00,DQ7X,120L,"Strada Constantin Noica 22 A, Sibiu, Romania",24.0,45.79189700000001,24.1556152
2,SB-30-SOM,2024-10-15 08:25:27+00:00,KZ5DQA,120L,"Strada Constantin Noica 25 A, Sibiu, Romania",57.0,45.7916003,24.1560181
2,SB-30-SOM,2024-10-15 08:25:30+00:00,E5JX,120L,"Strada Constantin Noica 29, Sibiu, Romania",62.0,45.7915597,24.1558324
2,SB-30-SOM,2024-10-15 08:26:35+00:00,FZFR2E,120L,"Strada Constantin Noica 26, Sibiu, Romania",61.0,45.7916637,24.1552102
2,SB-30-SOM,2024-10-15 08:27:27+00:00,DFFQ,120L,"Strada Constantin Noica 33 A, Sibiu, Romania",21.0,45.79127099999999,24.1555444
2,SB-30-SOM,2024-10-15 08:27:53+00:00,XSDX,120L,"Strada Constantin Noica 33, Sibiu, Romania",57.0,45.79127099999999,24.1555444
2,SB-30-SOM,2024-10-15 08:28:03+00:00,DDMJ,120L,"Strada Constantin Noica 33 C, Sibiu, Romania",57.0,45.79127099999999,24.1555444
2,SB-30-SOM,2024-10-15 08:29:51+00:00,KOT4,120L,"Strada Constantin Noica 33 C, Sibiu, Romania",85.0,45.79127099999999,24.1555444
2,SB-30-SOM,2024-10-15 08:29:54+00:00,MG73,120L,"Strada Constantin Noica 37, Sibiu, Romania",48.0,45.7912049,24.1551473
2,SB-30-SOM,2024-10-15 08:30:25+00:00,GCGR,120L,"Strada Constantin Noica 39, Sibiu, Romania",51.0,45.7910464,24.154802
2,SB-30-SOM,2024-10-15 08:31:14+00:00,D4FX,120L,"Strada Constantin Noica 43, Sibiu, Romania",41.0,45.7907924,24.1543417
2,SB-30-SOM,2024-10-15 08:31:46+00:00,V7GD,120L,"Strada Constantin Noica 36, Sibiu, Romania",69.0,45.7911375,24.1538851
2,SB-30-SOM,2024-10-15 08:32:22+00:00,LTYP,120L,"Strada Constantin Noica 43 A, Sibiu, Romania",14.0,45.790853,24.1540701
2,SB-30-SOM,2024-10-15 08:32:24+00:00,EJU3,120L,"Strada Constantin Noica 45, Sibiu, Romania",53.0,45.790672,24.154063
2,SB-30-SOM,2024-10-15 08:33:09+00:00,VT3W,120L,"Strada Constantin Noica 47, Sibiu, Romania",59.0,45.79067089999999,24.1538097
2,SB-30-SOM,2024-10-15 08:33:24+00:00,T7XK,120L,"Strada Constantin Noica 42, Sibiu, Romania",100.0,45.790847,24.1533234
2,SB-30-SOM,2024-10-15 08:34:12+00:00,NAV7,120L,"Strada Constantin Noica 44 A, Sibiu, Romania",96.0,45.7907239,24.1530439
2,SB-30-SOM,2024-10-15 08:34:14+00:00,LSZK,120L,"Strada Constantin Noica 44, Sibiu, Romania",7.0,45.7907239,24.1530439
2,SB-30-SOM,2024-10-15 08:34:37+00:00,ZCAOHD,120L,"Strada Revoluției 1, Sibiu, Romania",52.0,45.7900275,24.1530369
2,SB-30-SOM,2024-10-15 08:35:54+00:00,3ROR,120L,"Strada Constantin Noica 53, Sibiu, Romania",59.0,45.7902305,24.1530649
2,SB-30-SOM,2024-10-15 08:36:36+00:00,GGJR,120L,"Strada Constantin Noica 48, Sibiu, Romania",4.0,45.79027929999999,24.1523124
2,SB-30-SOM,2024-10-15 08:37:24+00:00,DHVY,120L,"Strada Berăriei 13, Sibiu, Romania",67.0,45.790748,24.1523957
2,SB-30-SOM,2024-10-15 08:38:16+00:00,Z3Q6ZS,120L,"Strada Dobrun 10, Sibiu, Romania",5.0,45.7906758,24.1520872
2,SB-30-SOM,2024-10-15 08:38:47+00:00,L7HU,120L,"Strada Revoluției 5, Sibiu, Romania",95.0,45.7882744,24.1564405
2,SB-30-SOM,2024-10-15 08:39:50+00:00,I5QG,120L,"Strada Dobrun 8 A, Sibiu, Romania",93.0,45.790586,24.1519346
2,SB-30-SOM,2024-10-15 08:40:22+00:00,FUQBCW,120L,"Strada Dobrun 4, Sibiu, Romania",46.0,45.7903429,24.1514595
2,SB-30-SOM,2024-10-15 08:41:01+00:00,D3OBAA,240L,"Strada Constantin Noica 60, Sibiu, Romania",98.0,45.7900609,24.1511505
2,SB-30-SOM,2024-10-15 08:43:54+00:00,GPBCWR,120L,"Strada Piața Unirii 4, Sibiu, Romania",54.0,45.7901603,24.1496914
2,SB-30-SOM,2024-10-15 08:44:04+00:00,3V624D,120L,"Strada Piața Unirii 4, Sibiu, Romania",39.0,45.7901603,24.1496914
2,SB-30-SOM,2024-10-15 08:52:10+00:00,UYY7,120L,"Strada Constantin Noica 54, Sibiu, Romania",51.0,45.7901199,24.1516223
2,SB-30-SOM,2024-10-15 08:52:15+00:00,XSW3,120L,"Strada Constantin Noica 54, Sibiu, Romania",15.0,45.7901199,24.1516223
2,SB-30-SOM,2024-10-15 08:52:27+00:00,KPWA,120L,"Strada Constantin Noica 54, Sibiu, Romania",12.0,45.7901199,24.1516223
2,SB-30-SOM,2024-10-15 08:52:32+00:00,FA6J,120L,"Strada Constantin Noica 54, Sibiu, Romania",29.0,45.7901199,24.1516223
2,SB-30-SOM,2024-10-15 08:53:13+00:00,GLGN,120L,"Strada Constantin Noica 48, Sibiu, Romania",18.0,45.79027929999999,24.1523124
2,SB-30-SOM,2024-10-15 08:54:40+00:00,QQAP,120L,"Strada Ștefan cel Mare 3, Sibiu, Romania",16.0,45.7900065,24.1535857
2,SB-30-SOM,2024-10-15 08:54:47+00:00,G7FJ,120L,"Strada Ștefan cel Mare 3 B, Sibiu, Romania",62.0,45.7900065,24.1535857
2,SB-30-SOM,2024-10-15 08:55:31+00:00,N67S,120L,"Strada Ștefan cel Mare 7, Sibiu, Romania",18.0,45.7902665,24.1540334
2,SB-30-SOM,2024-10-15 08:55:32+00:00,G5QV,120L,"Strada Ștefan cel Mare 7 A, Sibiu, Romania",91.0,45.7902665,24.1540334
2,SB-30-SOM,2024-10-15 08:55:49+00:00,G3LE,120L,"Strada Ștefan cel Mare 7 C, Sibiu, Romania",57.0,45.7902665,24.1540334
2,SB-30-SOM,2024-10-15 08:55:54+00:00,G2YI,120L,"Strada Ștefan cel Mare 7 D, Sibiu, Romania",54.0,45.7902665,24.1540334
2,SB-30-SOM,2024-10-15 08:56:09+00:00,G2MC,120L,"Strada Ștefan cel Mare 7 E, Sibiu, Romania",89.0,45.7902665,24.1540334
2,SB-30-SOM,2024-10-15 08:56:51+00:00,6W7P,120L,"Strada Ștefan cel Mare 11, Sibiu, Romania",100.0,45.7901976,24.154707
2,SB-30-SOM,2024-10-15 08:57:30+00:00,FYQD,120L,"Strada Ștefan cel Mare 13 A, Sibiu, Romania",89.0,45.7902581,24.1549894
2,SB-30-SOM,2024-10-15 08:57:32+00:00,5X5M,120L,"Strada Ștefan cel Mare 15, Sibiu, Romania",61.0,45.79037839999999,24.1551978
2,SB-30-SOM,2024-10-15 08:57:46+00:00,65WS,120L,"Strada Ștefan cel Mare 15, Sibiu, Romania",22.0,45.79037839999999,24.1551978
2,SB-30-SOM,2024-10-15 08:58:17+00:00,5ZYU,120L,"Strada Ștefan cel Mare 15, Sibiu, Romania",8.0,45.79037839999999,24.1551978
2,SB-30-SOM,2024-10-15 08:58:30+00:00,FXZW,120L,"Strada Ștefan cel Mare 17 A, Sibiu, Romania",11.0,45.7903444,24.1557483
2,SB-30-SOM,2024-10-15 08:58:58+00:00,FWEG,120L,"Strada Ștefan cel Mare 17 C, Sibiu, Romania",0.0,45.7904302,24.1553971
2,SB-30-SOM,2024-10-15 08:58:59+00:00,FYNH,120L,"Strada Ștefan cel Mare 17 B, Sibiu, Romania",57.0,45.7904302,24.1553971
2,SB-30-SOM,2024-10-15 09:00:23+00:00,CCPU,120L,"Strada Ștefan cel Mare 21, Sibiu, Romania",0.0,45.7904627,24.1560711
2,SB-30-SOM,2024-10-15 09:00:52+00:00,FRNB,120L,"Strada Ștefan cel Mare 25 B, Sibiu, Romania",33.0,45.7907007,24.1564829
2,SB-30-SOM,2024-10-15 09:00:56+00:00,FT7Y,120L,"Strada Ștefan cel Mare 25 A, Sibiu, Romania",95.0,45.7907492,24.156709
2,SB-30-SOM,2024-10-15 09:01:31+00:00,AW4G,120L,"Strada Ștefan cel Mare 23, Sibiu, Romania",47.0,45.790799,24.156218
2,SB-30-SOM,2024-10-15 09:01:34+00:00,NZQI,120L,"Strada Ștefan cel Mare 25, Sibiu, Romania",88.0,45.7907007,24.1564829
2,SB-30-SOM,2024-10-15 09:02:31+00:00,CKFH5G,120L,"Strada Ștefan cel Mare 25, Sibiu, Romania",0.0,45.7907007,24.1564829
2,SB-30-SOM,2024-10-15 09:02:33+00:00,TEIH26,120L,"Strada Ștefan cel Mare 25, Sibiu, Romania",15.0,45.7907007,24.1564829
2,SB-30-SOM,2024-10-15 09:03:00+00:00,FPAB,120L,"Strada Ștefan cel Mare 27 A, Sibiu, Romania",60.0,45.7906498,24.1569044
2,SB-30-SOM,2024-10-15 09:03:29+00:00,AFPX,120L,"Strada Ștefan cel Mare 4, Sibiu, Romania",63.0,45.790268,24.1572612
2,SB-30-SOM,2024-10-15 09:03:31+00:00,FOII,120L,"Strada Ștefan cel Mare 4 A, Sibiu, Romania",62.0,45.790268,24.1572612
2,SB-30-SOM,2024-10-15 10:02:35+00:00,3JPC,120L,"Strada Ștefan cel Mare 166, Sibiu, Romania",68.0,45.7909446,24.2106185
2,SB-30-SOM,2024-10-15 10:02:38+00:00,JMFE,120L,"Strada Ștefan cel Mare 166, Sibiu, Romania",21.0,45.7909446,24.2106185
2,SB-30-SOM,2024-10-15 10:03:13+00:00,INLF2G,240L,"Strada Ștefan cel Mare 166, Sibiu, Romania",92.0,45.7909446,24.2106185
2,SB-30-SOM,2024-10-15 10:04:04+00:00,H2TG,120L,"Strada Ștefan cel Mare 166, Sibiu, Romania",66.0,45.7909446,24.2106185
2,SB-30-SOM,2024-10-15 10:04:31+00:00,6ZAW,120L,"Strada Ștefan cel Mare 166, Sibiu, Romania",75.0,45.7909446,24.2106185
2,SB-30-SOM,2024-10-15 10:15:02+00:00,4QKUNQ,240L,"Strada Ștefan cel Mare 197, Sibiu, Romania",25.0,45.7891436,24.1938974
2,SB-30-SOM,2024-10-15 10:27:13+00:00,IAUD,120L,"Strada Ștefan cel Mare 197 A, Sibiu, Romania",15.0,45.791362,24.2091265
2,SB-30-SOM,2024-10-15 10:43:55+00:00,R4WTEU,120L,"Strada Ștefan cel Mare 152, Sibiu, Romania",50.0,45.7861017,24.1920002
2,SB-30-SOM,2024-10-15 10:54:12+00:00,NMLTD3,120L,"Strada Ștefan cel Mare 30, Sibiu, Romania",100.0,45.7901018,24.1619779
2,SB-30-SOM,2024-10-15 11:03:54+00:00,G5FQOZ,120L,"Strada Ștefan cel Mare 154, Sibiu, Romania",85.0,45.7821425,24.1926167
2,SB-30-SOM,2024-10-15 11:07:51+00:00,5WP3P7,120L,"Strada Ștefan cel Mare 154, Sibiu, Romania",56.0,45.7821425,24.1926167
2,SB-30-SOM,2024-10-15 11:09:33+00:00,TSPC,120L,"Strada Ștefan cel Mare 154, Sibiu, Romania",28.0,45.7821425,24.1926167
2,SB-30-SOM,2024-10-15 11:14:18+00:00,7KPVEF,1.100L,"Strada Ștefan cel Mare 156 A, Sibiu, Romania",77.0,45.7805532,24.1938642
2,SB-30-SOM,2024-10-15 11:15:30+00:00,2XBH6X,1.100L,"Strada Ștefan cel Mare 156 A, Sibiu, Romania",91.0,45.7805532,24.1938642
2,SB-30-SOM,2024-10-15 11:16:21+00:00,KAN4FM,1.100L,"Strada Ștefan cel Mare 156 A, Sibiu, Romania",68.0,45.7805532,24.1938642
2,SB-30-SOM,2024-10-15 11:17:48+00:00,SUQIZF,1.100L,"Strada Ștefan cel Mare 156 A, Sibiu, Romania",46.0,45.7805532,24.1938642
2,SB-30-SOM,2024-10-15 11:35:09+00:00,OTBUCR,1.100L,"Strada Ștefan cel Mare 156, Sibiu, Romania",93.0,45.7862908,24.1930916
2,SB-30-SOM,2024-10-15 11:35:44+00:00,J5ZR2S,1.100L,"Strada Ștefan cel Mare 156, Sibiu, Romania",61.0,45.7862908,24.1930916
2,SB-30-SOM,2024-10-15 11:36:48+00:00,E7LF5S,1.100L,"Strada Ștefan cel Mare 156, Sibiu, Romania",68.0,45.7862908,24.1930916
2,SB-30-SOM,2024-10-15 11:49:55+00:00,R2STNH,120L,"Strada Oncesti 10, Sibiu, Romania",75.0,45.781793,24.1688364
2,SB-30-SOM,2024-10-15 11:50:44+00:00,ZOTG,120L,"Strada Oncesti 5, Sibiu, Romania",15.0,45.781822,24.1680461
2,SB-30-SOM,2024-10-15 11:51:05+00:00,6OLS,120L,"Strada Oncesti 3, Sibiu, Romania",89.0,45.781675,24.1678071
2,SB-30-SOM,2024-10-15 11:51:47+00:00,RYBY,120L,"Strada Oncesti 1, Sibiu, Romania",89.0,45.7820992,24.1700576
2,SB-30-SOM,2024-10-15 11:53:24+00:00,QUMGAG,1.100L,"Strada Semaforului 2, Sibiu, Romania",47.0,45.7818751,24.167202
2,SB-30-SOM,2024-10-15 11:54:54+00:00,LGKG,120L,"Strada Semaforului 4, Sibiu, Romania",84.0,45.782056,24.167543
2,SB-30-SOM,2024-10-15 11:57:30+00:00,PINFYG,120L,"Strada Semaforului 7, Sibiu, Romania",38.0,45.78281279999999,24.1681042
2,SB-30-SOM,,,,"DN1 FN, Cristian 557085",,45.7881108,24.0277246
3,SB-45-SOM,,,,"Strada Șelimbărului 90, Cisnădie, Romania",,45.7315361,24.1779393
3,SB-45-SOM,2024-10-15 03:24:16+00:00,OWQY,120L,"Strada Avram Iancu 12 A, Sibiu, Romania",99.0,45.7979918,24.1535478
3,SB-45-SOM,2024-10-15 03:25:27+00:00,OYQE,120L,"Strada Avram Iancu 13 A, Sibiu, Romania",32.0,45.7984854,24.153532
3,SB-45-SOM,2024-10-15 03:25:30+00:00,OYZ4,120L,"Strada Avram Iancu 13 A, Sibiu, Romania",93.0,45.7984854,24.153532
3,SB-45-SOM,2024-10-15 03:25:35+00:00,6B5I,120L,"Strada Avram Iancu 13, Sibiu, Romania",100.0,45.7984854,24.153532
3,SB-45-SOM,2024-10-15 03:26:26+00:00,Y6KM,120L,"Strada Avram Iancu 10, Sibiu, Romania",22.0,45.7979295,24.1533974
3,SB-45-SOM,2024-10-15 03:27:24+00:00,PAED,120L,"Strada Avram Iancu 9 B, Sibiu, Romania",9.0,45.7983602,24.1528471
3,SB-45-SOM,2024-10-15 03:27:27+00:00,PAFF,120L,"Strada Avram Iancu 9 A, Sibiu, Romania",68.0,45.7983602,24.1528471
3,SB-45-SOM,2024-10-15 03:27:53+00:00,PABD,120L,"Strada Avram Iancu 9 C, Sibiu, Romania",99.0,45.7983602,24.1528471
3,SB-45-SOM,2024-10-15 03:27:56+00:00,6VNM,120L,"Strada Avram Iancu 9, Sibiu, Romania",33.0,45.7983602,24.1528471
3,SB-45-SOM,2024-10-15 03:28:44+00:00,73FS,120L,"Strada Avram Iancu 7, Sibiu, Romania",51.0,45.7980895,24.1527786
3,SB-45-SOM,2024-10-15 03:28:57+00:00,FQWK,120L,"Strada Avram Iancu 8, Sibiu, Romania",94.0,45.797807,24.1532023
3,SB-45-SOM,2024-10-15 03:29:02+00:00,PBTE,120L,"Strada Avram Iancu 8, Sibiu, Romania",9.0,45.797807,24.1532023
3,SB-45-SOM,2024-10-15 03:29:42+00:00,DNFC,120L,"Strada Avram Iancu 5, Sibiu, Romania",18.0,45.7980228,24.1525201
3,SB-45-SOM,2024-10-15 03:29:54+00:00,632O,120L,"Strada Avram Iancu 5, Sibiu, Romania",57.0,45.7980228,24.1525201
3,SB-45-SOM,2024-10-15 03:29:58+00:00,6EFC,120L,"Strada Avram Iancu 6, Sibiu, Romania",95.0,45.7978133,24.1528624
3,SB-45-SOM,2024-10-15 03:31:11+00:00,GFIUQ4,120L,"Strada Avram Iancu 1, Sibiu, Romania",0.0,45.7976724,24.1522579
3,SB-45-SOM,2024-10-15 03:33:37+00:00,GSIDPB,240L,"Piața Mare 16, Sibiu, Romania",68.0,45.7973152,24.1526798
3,SB-45-SOM,2024-10-15 03:34:28+00:00,EF55AH,1.100L,"Piața Mare 16, Sibiu, Romania",3.0,45.7973152,24.1526798
3,SB-45-SOM,2024-10-15 03:35:34+00:00,F4OF6F,240L,"Piața Mare 14, Sibiu, Romania",15.0,45.7969574,24.1527428
3,SB-45-SOM,2024-10-15 03:35:37+00:00,FHKIOX,240L,"Piața Mare 14, Sibiu, Romania",23.0,45.7969574,24.1527428
3,SB-45-SOM,2024-10-15 03:38:12+00:00,ALEZ,240L,"Strada G-ral Gheorghe Magheru 1, Sibiu, Romania",79.0,45.7969157,24.15291
3,SB-45-SOM,2024-10-15 03:38:42+00:00,OREE,120L,"Strada G-ral Gheorghe Magheru 4, Sibiu, Romania",1.0,45.7960277,24.1536399
3,SB-45-SOM,2024-10-15 03:39:16+00:00,CKBYOO,120L,"Strada G-ral Gheorghe Magheru 2, Sibiu, Romania",91.0,45.7964507,24.1528864
3,SB-45-SOM,2024-10-15 03:39:19+00:00,W4NG,120L,"Piața Mare 10, Sibiu, Romania",31.0,45.7960617,24.1526662
3,SB-45-SOM,2024-10-15 03:40:31+00:00,R7EWOS,240L,"Piata mare 10, Sibiu, Romania",90.0,45.7960617,24.1526662
3,SB-45-SOM,2024-10-15 03:41:39+00:00,GWMTJB,240L,"piața mare 11, Sibiu, Romania",83.0,45.7964345,24.1523465
3,SB-45-SOM,2024-10-15 03:42:31+00:00,JEZC,120L,"Piața Mare 9 C, Sibiu, Romania",23.0,45.7962632,24.1521019
3,SB-45-SOM,2024-10-15 03:47:40+00:00,UUJUCY,1.100L,"Strada Arhivelor 1, Sibiu, Romania",11.0,45.79568039999999,24.1523007
3,SB-45-SOM,2024-10-15 03:48:20+00:00,YHGA,1.100L,"Strada Arhivelor 1, Sibiu, Romania",49.0,45.79568039999999,24.1523007
3,SB-45-SOM,2024-10-15 03:51:11+00:00,D4XT,240L,"Strada Nicolae Bălcescu 1, Sibiu, Romania",34.0,45.795286,24.1516065
3,SB-45-SOM,2024-10-15 03:51:17+00:00,2GHMIL,240L,"Strada Nicolae Bălcescu 1, Sibiu, Romania",32.0,45.795286,24.1516065
3,SB-45-SOM,2024-10-15 03:53:08+00:00,XMDUYK,120L,"Strada Nicolae Bălcescu 1, Sibiu, Romania",32.0,45.795286,24.1516065
3,SB-45-SOM,2024-10-15 03:53:11+00:00,CPLKJX,120L,"Strada Nicolae Bălcescu 3, Sibiu, Romania",60.0,45.7955854,24.1512819
3,SB-45-SOM,2024-10-15 03:54:07+00:00,Z65N,120L,"Strada Nicolae Bălcescu 5, Sibiu, Romania",50.0,45.79536239999999,24.151264
3,SB-45-SOM,2024-10-15 03:54:58+00:00,4UFQ,120L,"Strada Nicolae Bălcescu 7, Sibiu, Romania",42.0,45.7952323,24.1511041
3,SB-45-SOM,2024-10-15 03:55:43+00:00,J7WC7W,240L,"Strada Nicolae Bălcescu 9, Sibiu, Romania",100.0,45.7951765,24.1509286
3,SB-45-SOM,2024-10-15 04:01:18+00:00,AFXGZC,1.100L,"Strada Nicolae Bălcescu 6, Sibiu, Romania",11.0,45.7953394,24.1503169
3,SB-45-SOM,2024-10-15 04:03:15+00:00,5YJ5US,120L,"Strada Alexandru Papiu Ilarian 2, Sibiu, Romania",66.0,45.7945461,24.1507908
3,SB-45-SOM,2024-10-15 04:03:17+00:00,7Z5OJV,120L,"Strada Alexandru Papiu Ilarian 2, Sibiu, Romania",64.0,45.7945461,24.1507908
3,SB-45-SOM,2024-10-15 04:03:49+00:00,3BSO,120L,"Strada Nicolae Bălcescu 15, Sibiu, Romania",32.0,45.7946761,24.150561
3,SB-45-SOM,2024-10-15 04:05:43+00:00,JOYK,240L,"Strada Nicolae Bălcescu 14, Sibiu, Romania",39.0,45.7946845,24.1500042
3,SB-45-SOM,2024-10-15 04:05:48+00:00,SRWL,120L,"Strada Nicolae Bălcescu 14, Sibiu, Romania",73.0,45.7946845,24.1500042
3,SB-45-SOM,2024-10-15 04:06:35+00:00,GP43,240L,"Strada Nicolae Bălcescu 17, Sibiu, Romania",42.0,45.794416,24.1504848
3,SB-45-SOM,2024-10-15 04:08:22+00:00,Q7BX,120L,"Strada Nicolae Bălcescu 20, Sibiu, Romania",43.0,45.7941418,24.1500414
3,SB-45-SOM,2024-10-15 04:08:26+00:00,LLYONC,240L,"Strada Nicolae Bălcescu 20, Sibiu, Romania",28.0,45.7941418,24.1500414
3,SB-45-SOM,2024-10-15 04:12:51+00:00,4JT6V5,240L,"Strada Nicolae Bălcescu 33, Sibiu, Romania",12.0,45.793765,24.1501211
3,SB-45-SOM,2024-10-15 04:13:18+00:00,ICJFIE,240L,"Strada Nicolae Bălcescu 28, Sibiu, Romania",11.0,45.7938355,24.1497616
3,SB-45-SOM,2024-10-15 04:15:36+00:00,AE5BTG,240L,"Strada Nicolae Bălcescu 39, Sibiu, Romania",94.0,45.7934536,24.1498616
3,SB-45-SOM,2024-10-15 04:17:49+00:00,HZCYJJ,240L,"Strada Nicolae Bălcescu 51, Sibiu, Romania",45.0,45.7930326,24.1493054
3,SB-45-SOM,2024-10-15 04:19:25+00:00,M2F7,120L,"Strada Nicolae Bălcescu 47 C, Sibiu, Romania",1.0,45.7930979,24.1496141
3,SB-45-SOM,2024-10-15 04:23:44+00:00,M3VLEF,240L,"Piața Unirii 10, Sibiu, Romania",34.0,45.7923388,24.1480233
3,SB-45-SOM,2024-10-15 04:23:47+00:00,ZQZCLD,240L,"Piața Unirii 10, Sibiu, Romania",86.0,45.7923388,24.1480233
3,SB-45-SOM,2024-10-15 04:24:11+00:00,EWSTO2,240L,"Strada Andrei Șaguna 4, Sibiu, Romania",80.0,45.7922987,24.1468913
3,SB-45-SOM,2024-10-15 04:24:26+00:00,STNZIZ,240L,"Strada Andrei Șaguna 4, Sibiu, Romania",89.0,45.7922987,24.1468913
3,SB-45-SOM,2024-10-15 04:25:50+00:00,ZW62PU,240L,"Strada Andrei Șaguna 4, Sibiu, Romania",7.0,45.7922987,24.1468913
3,SB-45-SOM,2024-10-15 04:28:38+00:00,V4LT5O,120L,"Strada Andrei Șaguna 5, Sibiu, Romania",92.0,45.7921862,24.1464521
3,SB-45-SOM,2024-10-15 04:28:41+00:00,TUOP4X,120L,"Strada Andrei Șaguna 5, Sibiu, Romania",25.0,45.7921862,24.1464521
3,SB-45-SOM,2024-10-15 04:29:45+00:00,X2LIGZ,240L,"Strada Andrei Șaguna 7, Sibiu, Romania",73.0,45.79233060000001,24.1461026
3,SB-45-SOM,2024-10-15 04:29:47+00:00,MQP7,120L,"Strada Andrei Șaguna 7, Sibiu, Romania",89.0,45.79233060000001,24.1461026
3,SB-45-SOM,2024-10-15 04:30:43+00:00,OLSL,120L,"Strada Andrei Șaguna 9 A, Sibiu, Romania",33.0,45.7923073,24.1458163
3,SB-45-SOM,2024-10-15 04:30:47+00:00,TNGM,120L,"Strada Andrei Șaguna 9, Sibiu, Romania",6.0,45.7923073,24.1458163
3,SB-45-SOM,2024-10-15 04:31:05+00:00,XG6O,120L,"Strada Andrei Șaguna 8, Sibiu, Romania",67.0,45.7926401,24.1463162
3,SB-45-SOM,2024-10-15 04:32:20+00:00,ZKJCGY,120L,"Strada Andrei Șaguna 17, Sibiu, Romania",57.0,45.7928143,24.1449834
3,SB-45-SOM,2024-10-15 04:33:27+00:00,ZC27JX,240L,"Strada Andrei Șaguna 21, Sibiu, Romania",74.0,45.7930014,24.1446709
3,SB-45-SOM,2024-10-15 04:34:59+00:00,U656,120L,"Strada Andrei Șaguna 23, Sibiu, Romania",28.0,45.7931435,24.1445804
3,SB-45-SOM,2024-10-15 04:49:26+00:00,E65XU2,240L,"Strada Pacii 12, Sibiu, Romania",35.0,45.788583,24.174821
3,SB-45-SOM,2024-10-15 04:51:23+00:00,MCUN5O,120L,"Strada Vasile Aaron 33, Sibiu, Romania",88.0,45.787744,24.173273
3,SB-45-SOM,2024-10-15 04:52:12+00:00,NKXK3O,1.100L,"Strada Iezer 14, Sibiu, Romania",20.0,45.7870728,24.1741736
3,SB-45-SOM,2024-10-15 04:52:32+00:00,DSGBQY,120L,"Strada Vasile Aaron 29, Sibiu, Romania",35.0,45.7875761,24.1729073
3,SB-45-SOM,2024-10-15 04:54:54+00:00,LOCZQ2,240L,"Strada Vasile Aaron 18, Sibiu, Romania",9.0,45.7850693,24.1684584
3,SB-45-SOM,2024-10-15 04:55:34+00:00,LOCZQ2,240L,"Strada Vasile Aaron 18, Sibiu, Romania",100.0,45.7850693,24.1684584
3,SB-45-SOM,2024-10-15 04:55:42+00:00,3WEG,120L,"Strada Vasile Aaron 27, Sibiu, Romania",72.0,45.785382,24.1683395
3,SB-45-SOM,2024-10-15 04:56:24+00:00,CZBI,120L,"Strada Giuseppe Garibaldi 16, Sibiu, Romania",23.0,45.7855172,24.1686715
3,SB-45-SOM,2024-10-15 04:57:13+00:00,2JRZ,120L,"Strada Vasile Aaron 26, Sibiu, Romania",63.0,45.787053,24.1731
3,SB-45-SOM,2024-10-15 04:59:34+00:00,CEAV,120L,"Strada Șoimului 3, Sibiu, Romania",98.0,45.7831812,24.1674577
3,SB-45-SOM,2024-10-15 05:03:59+00:00,R3HR,120L,"Strada Vasile Aaron 13 A, Sibiu, Romania",48.0,45.7840598,24.1654252
3,SB-45-SOM,2024-10-15 05:04:27+00:00,EC56ZN,120L,"Strada Vasile Aaron 11, Sibiu, Romania",98.0,45.7840447,24.1652102
3,SB-45-SOM,2024-10-15 05:05:04+00:00,5GTH,120L,"Strada Vasile Aaron 9, Sibiu, Romania",35.0,45.7838863,24.1651759
3,SB-45-SOM,2024-10-15 05:05:06+00:00,XQZ5,120L,"Strada Vasile Aaron 9, Sibiu, Romania",81.0,45.7838863,24.1651759
3,SB-45-SOM,2024-10-15 05:05:47+00:00,YL4U,120L,"Strada Vasile Aaron 7, Sibiu, Romania",95.0,45.7838152,24.1650557
3,SB-45-SOM,2024-10-15 05:06:07+00:00,QRBP,120L,"Strada Vasile Aaron 6, Sibiu, Romania",23.0,45.7835044,24.1652288
3,SB-45-SOM,2024-10-15 05:06:43+00:00,SQT33G,120L,"Strada Vasile Aaron 5, Sibiu, Romania",22.0,45.7836665,24.1649232
3,SB-45-SOM,2024-10-15 05:06:46+00:00,RPN47O,240L,"Strada Vasile Aaron 5, Sibiu, Romania",61.0,45.7836665,24.1649232
3,SB-45-SOM,2024-10-15 05:07:33+00:00,ZKSMUP,120L,"Strada Vasile Aaron 2, Sibiu, Romania",95.0,45.783313,24.1649966
3,SB-45-SOM,2024-10-15 05:07:36+00:00,P7IQ,120L,"Strada Vasile Aaron 4, Sibiu, Romania",36.0,45.7834082,24.1651564
3,SB-45-SOM,2024-10-15 05:08:16+00:00,XDM2,120L,"Strada Ștefan cel Mare 192, Sibiu, Romania",11.0,45.7905429,24.2084769
3,SB-45-SOM,2024-10-15 05:08:26+00:00,TPCE6T,120L,"Strada Vasile Aaron 1, Sibiu, Romania",54.0,45.7834505,24.1645269
3,SB-45-SOM,2024-10-15 05:08:29+00:00,Q7U2GS,120L,"Bulevardul G-ral Vasile Milea 35, Sibiu, Romania",12.0,45.7832878,24.1642921
3,SB-45-SOM,2024-10-15 05:18:42+00:00,XYLCCQ,1.100L,"Strada Fabricii 8, Sibiu, Romania",22.0,45.795612,24.162611
3,SB-45-SOM,2024-10-15 05:19:24+00:00,RVTUKK,1.100L,"Strada Fabricii 8, Sibiu, Romania",88.0,45.795612,24.162611
3,SB-45-SOM,2024-10-15 05:19:54+00:00,C6ZHR2,1.100L,"Strada Fabricii 8, Sibiu, Romania",98.0,45.795612,24.162611
3,SB-45-SOM,2024-10-15 05:22:43+00:00,NCOS,1.100L,"Strada Serbota 23, Sibiu, Romania",29.0,45.7944925,24.1637186
3,SB-45-SOM,2024-10-15 05:27:47+00:00,E6PUYX,1.100L,"Piața 1 Decembrie 1918 1, Sibiu, Romania",16.0,45.80020409999999,24.1603298
3,SB-45-SOM,2024-10-15 05:30:31+00:00,WOQ7CW,1.100L,"Strada Uzinei 3, Sibiu, Romania",61.0,45.7992753,24.160406
3,SB-45-SOM,2024-10-15 05:30:34+00:00,WOQ7CW,1.100L,"Strada Uzinei 3, Sibiu, Romania",83.0,45.7992753,24.160406
3,SB-45-SOM,2024-10-15 05:32:15+00:00,OVU6LL,1.100L,"Strada Uzinei 9, Sibiu, Romania",88.0,45.7986735,24.1600755
3,SB-45-SOM,2024-10-15 05:44:35+00:00,KXCA,120L,"Strada G-ral Gheorghe Magheru 55, Sibiu, Romania",85.0,45.79938079999999,24.1589113
3,SB-45-SOM,2024-10-15 05:51:11+00:00,JVLS,1.100L,"Strada Autogarii 5, Sibiu, Romania",12.0,45.7960439,24.1307571
3,SB-45-SOM,2024-10-15 05:52:52+00:00,5OAGB7,1.100L,"Strada Regele Ferdinand 6, Sibiu, Romania",58.0,45.8017157,24.1577285
3,SB-45-SOM,2024-10-15 05:53:16+00:00,MKURSO,1.100L,"Strada Regele Ferdinand 6, Sibiu, Romania",18.0,45.8017157,24.1577285
3,SB-45-SOM,2024-10-15 05:56:19+00:00,XOXCRA,1.100L,"Strada Abatorului 2, Sibiu, Romania",48.0,45.8028024,24.1566407
3,SB-45-SOM,2024-10-15 05:57:43+00:00,2SSUON,1.100L,"Strada Abatorului 4, Sibiu, Romania",99.0,45.80266959999999,24.1567423
3,SB-45-SOM,2024-10-15 05:58:02+00:00,WDMXDG,1.100L,"Strada Abatorului 4, Sibiu, Romania",11.0,45.80266959999999,24.1567423
3,SB-45-SOM,,,,"DN1 FN, Cristian 557085",,45.7881108,24.0277246
