Car,Datetime,Id,Capacity,City,Country,Address,route_id,latitudine,longitudine
SB-25-SOM,2024-10-15 06:14:38+00:00,O5AHDP,1.100L,Sibiu,Romania,Calea Șurii Mari 39 B,1,45.8178085,24.1499486
SB-25-SOM,2024-10-15 06:19:38+00:00,O5AHDP,1.100L,Sibiu,Romania,Calea Șurii Mari 39 B,1,45.8178085,24.1499486
SB-25-SOM,2024-10-15 06:32:00+00:00,NH7XHL,1.100L,Sibiu,Romania,Calea Șurii Mari 39,1,45.8192302,24.1503389
SB-25-SOM,2024-10-15 06:38:19+00:00,HPDZUE,1.100L,Sibiu,Romania,Strada Căprioarelor 1,1,45.8121642,24.152863
SB-25-SOM,2024-10-15 06:46:41+00:00,BNY3U5,120L,Sibiu,Romania,Strada Lungă 71,1,45.8100736,24.1471531
SB-25-SOM,2024-10-15 06:50:03+00:00,J4LA,120L,Sibiu,Romania,Strada Țiglarilor 10,1,45.8073619,24.1440611
SB-25-SOM,2024-10-15 06:51:53+00:00,HLQKX5,1.100L,Sibiu,Romania,Strada Țiglarilor 12,1,45.8073876,24.1438281
SB-25-SOM,2024-10-15 06:52:15+00:00,MO25A3,1.100L,Sibiu,Romania,Strada Țiglarilor 12,1,45.8073876,24.1438281
SB-25-SOM,2024-10-15 06:52:47+00:00,OVR7LU,1.100L,Sibiu,Romania,Strada Țiglarilor 12,1,45.8073876,24.1438281
SB-25-SOM,2024-10-15 06:54:43+00:00,M4FF,240L,Sibiu,Romania,Strada Țiglarilor 20,1,45.807686,24.1433945
SB-25-SOM,2024-10-15 06:55:18+00:00,MNQ5,120L,Sibiu,Romania,Strada Țiglarilor 24,1,45.8078161,24.1431366
SB-25-SOM,2024-10-15 06:55:51+00:00,R2LY,120L,Sibiu,Romania,Strada Țiglarilor 28,1,45.8078785,24.1428182
SB-25-SOM,2024-10-15 06:56:30+00:00,AGGC,120L,Sibiu,Romania,Strada Eschile 3,1,45.8081839,24.142829
SB-25-SOM,2024-10-15 06:58:07+00:00,3WT5,1.100L,Sibiu,Romania,Strada Eschile 6,1,45.8088516,24.1435086
SB-25-SOM,2024-10-15 06:58:39+00:00,EXDE,1.100L,Sibiu,Romania,Strada Eschile 6,1,45.8088516,24.1435086
SB-25-SOM,2024-10-15 07:01:56+00:00,RSUZ,120L,Sibiu,Romania,Strada Eschile 12,1,45.8085451,24.1433501
SB-25-SOM,2024-10-15 07:02:21+00:00,ICLYI5,120L,Sibiu,Romania,Strada Eschile 15,1,45.8087329,24.1432963
SB-25-SOM,2024-10-15 07:02:36+00:00,FZRC,120L,Sibiu,Romania,Strada Eschile 17,1,45.8088368,24.1434172
SB-25-SOM,2024-10-15 07:03:39+00:00,QO42KH,120L,Sibiu,Romania,Strada Eschile 22,1,45.8091914,24.1439107
SB-25-SOM,2024-10-15 07:04:30+00:00,L5FA,120L,Sibiu,Romania,Strada Eschile 25,1,45.8093947,24.1438057
SB-25-SOM,2024-10-15 07:04:35+00:00,YMH42D,120L,Sibiu,Romania,Strada Pandurilor 15,1,45.8091053,24.1426427
SB-25-SOM,2024-10-15 07:05:04+00:00,DVRI,120L,Sibiu,Romania,Strada Eschile 31,1,45.8097612,24.1439228
SB-25-SOM,2024-10-15 07:05:19+00:00,Y3UO,120L,Sibiu,Romania,Strada Eschile 33,1,45.8098273,24.1439434
SB-25-SOM,2024-10-15 07:05:34+00:00,OBFG,120L,Sibiu,Romania,Strada Eschile 37,1,45.8100095,24.1440018
SB-25-SOM,2024-10-15 07:05:49+00:00,XYIKBN,120L,Sibiu,Romania,Strada Eschile 39,1,45.8101055,24.1440475
SB-25-SOM,2024-10-15 07:06:04+00:00,PKH6XW,120L,Sibiu,Romania,Strada Eschile 41,1,45.8102105,24.1440864
SB-25-SOM,2024-10-15 07:06:30+00:00,RW46BK,120L,Sibiu,Romania,Strada Eschile 43,1,45.8103094,24.144111
SB-25-SOM,2024-10-15 07:07:15+00:00,FX3V,120L,Sibiu,Romania,Strada Eschile 36,1,45.8104409,24.1443598
SB-25-SOM,2024-10-15 07:07:55+00:00,LTVP5I,120L,Sibiu,Romania,Strada Eschile 49,1,45.8106337,24.1442284
SB-25-SOM,2024-10-15 07:08:11+00:00,H2JM,120L,Sibiu,Romania,Strada Eschile 40,1,45.8106282,24.1444285
SB-25-SOM,2024-10-15 07:09:00+00:00,XJTO,120L,Sibiu,Romania,Strada Traian Demetrescu 142,1,45.8081751,24.1377637
SB-25-SOM,2024-10-15 07:09:32+00:00,BLI4,120L,Sibiu,Romania,Strada Florilor 38,1,45.8112625,24.1435165
SB-25-SOM,2024-10-15 07:09:58+00:00,GVTV,120L,Sibiu,Romania,Strada Florilor 36 A,1,45.8112005,24.1434158
SB-25-SOM,2024-10-15 07:10:40+00:00,2F2D,120L,Sibiu,Romania,Strada Florilor 30,1,45.8109268,24.1428495
SB-25-SOM,2024-10-15 07:11:36+00:00,IRA5,120L,Sibiu,Romania,Strada Florilor 22,1,45.8105809,24.1421494
SB-25-SOM,2024-10-15 07:11:37+00:00,WKDH,120L,Sibiu,Romania,Strada Florilor 23,1,45.8106635,24.1420136
SB-25-SOM,2024-10-15 07:13:23+00:00,ZYZM,120L,Sibiu,Romania,Strada Florilor 15,1,45.8104649,24.1416174
SB-25-SOM,2024-10-15 07:13:33+00:00,ZMUL,120L,Sibiu,Romania,Strada Florilor 18,1,45.8104351,24.1418748
SB-25-SOM,2024-10-15 07:14:21+00:00,5FWEQY,120L,Sibiu,Romania,Strada Florilor 13,1,45.8104067,24.1415056
SB-25-SOM,2024-10-15 07:14:33+00:00,4UZG,120L,Sibiu,Romania,Strada Florilor 11,1,45.8103683,24.1413964
SB-25-SOM,2024-10-15 07:15:11+00:00,B6P3GH,120L,Sibiu,Romania,Strada Florilor 12,1,45.810137,24.1413026
SB-25-SOM,2024-10-15 07:15:31+00:00,KGBR,120L,Sibiu,Romania,Strada Florilor 10,1,45.8100995,24.1411862
SB-25-SOM,2024-10-15 07:15:55+00:00,WAP3,120L,Sibiu,Romania,Strada Florilor 3,1,45.8100579,24.1407869
SB-25-SOM,2024-10-15 07:17:13+00:00,ISKIQT,120L,Sibiu,Romania,Strada Țiglarilor 67,1,45.8070514,24.1438063
SB-25-SOM,2024-10-15 07:17:47+00:00,H5JO,120L,Sibiu,Romania,Strada Țiglarilor 52,1,45.80939,24.1410512
SB-25-SOM,2024-10-15 07:19:04+00:00,RSVP,120L,Sibiu,Romania,Strada Crizantemelor 7,1,45.8339164,24.0484125
SB-25-SOM,2024-10-15 07:19:07+00:00,PBLT,120L,Sibiu,Romania,Strada Crizantemelor 8,1,45.8096089,24.142092
SB-25-SOM,2024-10-15 07:19:36+00:00,BGLZ,120L,Sibiu,Romania,Strada Crizantemelor 10,1,45.8096089,24.142092
SB-25-SOM,2024-10-15 07:19:48+00:00,PKMB,120L,Sibiu,Romania,Strada Crizantemelor 13,1,45.8096089,24.142092
SB-25-SOM,2024-10-15 07:20:16+00:00,WUKQ,120L,Sibiu,Romania,Strada Crizantemelor 12,1,45.8096089,24.142092
SB-25-SOM,2024-10-15 07:21:00+00:00,QLZATW,120L,Sibiu,Romania,Strada Crizantemelor 16,1,45.8096089,24.142092
SB-25-SOM,2024-10-15 07:21:06+00:00,75RA,120L,Sibiu,Romania,Strada Crizantemelor 17,1,45.8096089,24.142092
SB-25-SOM,2024-10-15 07:21:09+00:00,75RA,120L,Sibiu,Romania,Strada Crizantemelor 17,1,45.8096089,24.142092
SB-25-SOM,2024-10-15 07:21:16+00:00,6OIV,120L,Sibiu,Romania,Strada Crizantemelor 18,1,45.8096089,24.142092
SB-25-SOM,2024-10-15 07:21:32+00:00,5KON,120L,Sibiu,Romania,Strada Crizantemelor 19,1,45.8096089,24.142092
SB-25-SOM,2024-10-15 07:21:47+00:00,L7GY,120L,Sibiu,Romania,Strada Crizantemelor 21,1,45.8096089,24.142092
SB-25-SOM,2024-10-15 07:22:17+00:00,A4FK,120L,Sibiu,Romania,Strada Lăcrămioarelor 8,1,45.810028,24.1430966
SB-25-SOM,2024-10-15 07:22:26+00:00,AJ2FQV,120L,Sibiu,Romania,Strada Lăcrămioarelor 10,1,45.810028,24.1430966
SB-25-SOM,2024-10-15 07:22:56+00:00,YJTH,120L,Sibiu,Romania,Strada Lăcrămioarelor 14,1,45.810028,24.1430966
SB-25-SOM,2024-10-15 07:23:19+00:00,A4NQ,120L,Sibiu,Romania,Strada Lăcrămioarelor 16,1,45.810028,24.1430966
SB-25-SOM,2024-10-15 07:23:36+00:00,A4NQ,120L,Sibiu,Romania,Strada Lăcrămioarelor 16,1,45.810028,24.1430966
SB-25-SOM,2024-10-15 07:23:50+00:00,AC4W,120L,Sibiu,Romania,Strada Lăcrămioarelor 1,1,45.810028,24.1430966
SB-25-SOM,2024-10-15 07:25:05+00:00,PCNHOZ,120L,Sibiu,Romania,Strada Lăcrămioarelor 6,1,45.810028,24.1430966
SB-25-SOM,2024-10-15 07:25:33+00:00,A2DB,120L,Sibiu,Romania,Strada Lăcrămioarelor 4,1,45.810028,24.1430966
SB-25-SOM,2024-10-15 07:25:49+00:00,7YUI,120L,Sibiu,Romania,Strada Lăcrămioarelor 2,1,45.810028,24.1430966
SB-25-SOM,2024-10-15 07:27:02+00:00,PNDB,120L,Sibiu,Romania,Strada Pandurilor 14,1,45.8091053,24.1426427
SB-25-SOM,2024-10-15 07:27:03+00:00,O6TE,120L,Sibiu,Romania,Strada Pandurilor 13,1,45.8091053,24.1426427
SB-25-SOM,2024-10-15 07:27:32+00:00,RQJH,120L,Sibiu,Romania,Strada Pandurilor 12,1,45.8091053,24.1426427
SB-25-SOM,2024-10-15 07:27:52+00:00,BUAP,120L,Sibiu,Romania,Strada Pandurilor 7,1,45.8091053,24.1426427
SB-25-SOM,2024-10-15 07:27:54+00:00,IRWG,120L,Sibiu,Romania,Strada Pandurilor 10,1,45.8091053,24.1426427
SB-25-SOM,2024-10-15 07:29:04+00:00,AD3R,120L,Sibiu,Romania,Strada Pandurilor 1,1,45.8091053,24.1426427
SB-25-SOM,2024-10-15 07:30:52+00:00,BQ6Y,120L,Sibiu,Romania,Strada Țiglarilor 34,1,45.8070514,24.1438063
SB-25-SOM,2024-10-15 07:31:59+00:00,MNUD,120L,Sibiu,Romania,Strada Țiglarilor 45,1,45.8084611,24.1418251
SB-25-SOM,2024-10-15 07:32:00+00:00,VWTU,240L,Sibiu,Romania,Strada Țiglarilor 40,1,45.8086562,24.1422639
SB-25-SOM,2024-10-15 07:33:02+00:00,YVXSD6,120L,Sibiu,Romania,Strada Țiglarilor 51,1,45.8086207,24.141504
SB-25-SOM,2024-10-15 07:33:49+00:00,WFCE,120L,Sibiu,Romania,Strada Țiglarilor 44,1,45.8090102,24.1417502
SB-25-SOM,2024-10-15 07:34:13+00:00,GZKP,120L,Sibiu,Romania,Strada Crizantemelor 2,1,45.8336069,24.0478157
SB-25-SOM,2024-10-15 07:35:09+00:00,DUYR,120L,Sibiu,Romania,Strada Țiglarilor 60,1,45.8071688,24.1438824
SB-25-SOM,2024-10-15 07:35:47+00:00,CAHMA5,120L,Sibiu,Romania,Strada Țiglarilor 64,1,45.8070514,24.1438063
SB-25-SOM,2024-10-15 07:36:33+00:00,CXDWRY,120L,Sibiu,Romania,Strada Țiglarilor 66,1,45.8070514,24.1438063
SB-25-SOM,2024-10-15 07:36:36+00:00,4BX3,120L,Sibiu,Romania,Strada Țiglarilor 66,1,45.8070514,24.1438063
SB-25-SOM,2024-10-15 07:37:09+00:00,D5Y7,120L,Sibiu,Romania,Strada Țiglarilor 75,1,45.8101675,24.1391104
SB-25-SOM,2024-10-15 07:37:11+00:00,B3ZB,120L,Sibiu,Romania,Strada Țiglarilor 70,1,45.8070514,24.1438063
SB-25-SOM,2024-10-15 07:37:56+00:00,PVRAIY,120L,Sibiu,Romania,Strada Țiglarilor 70,1,45.8070514,24.1438063
SB-25-SOM,2024-10-15 07:37:58+00:00,PVRAIY,120L,Sibiu,Romania,Strada Țiglarilor 70,1,45.8070514,24.1438063
SB-25-SOM,2024-10-15 07:38:34+00:00,SGIW,120L,Sibiu,Romania,Strada Țiglarilor 79,1,45.8070514,24.1438063
SB-25-SOM,2024-10-15 07:38:39+00:00,2L6I,120L,Sibiu,Romania,Strada Țiglarilor 77,1,45.8070514,24.1438063
SB-25-SOM,2024-10-15 07:39:32+00:00,VIUB,120L,Sibiu,Romania,Strada Țiglarilor 76,1,45.8070514,24.1438063
SB-25-SOM,2024-10-15 07:39:50+00:00,LIEV,120L,Sibiu,Romania,Strada Țiglarilor 81 A,1,45.8070514,24.1438063
SB-25-SOM,2024-10-15 07:39:54+00:00,7KUU,120L,Sibiu,Romania,Strada Țiglarilor 76 A,1,45.8070514,24.1438063
SB-25-SOM,2024-10-15 07:40:18+00:00,YUUH,120L,Sibiu,Romania,Strada Țiglarilor 83,1,45.8070514,24.1438063
SB-25-SOM,2024-10-15 07:40:20+00:00,MX3D,120L,Sibiu,Romania,Strada Țiglarilor 78,1,45.8070514,24.1438063
SB-25-SOM,2024-10-15 07:41:07+00:00,TQZ2,120L,Sibiu,Romania,Strada Țiglarilor 83,1,45.8070514,24.1438063
SB-25-SOM,2024-10-15 07:42:00+00:00,4OBW,120L,Sibiu,Romania,Strada Dulgherilor 7,1,45.8101392,24.1372616
SB-25-SOM,2024-10-15 07:42:17+00:00,42E3,120L,Sibiu,Romania,Strada Dulgherilor 11,1,45.8099773,24.1370218
SB-25-SOM,2024-10-15 07:43:38+00:00,EHNR,120L,Sibiu,Romania,Strada Dulgherilor 18,1,45.8098039,24.1360985
SB-25-SOM,2024-10-15 07:46:45+00:00,6HTD,120L,Sibiu,Romania,Strada Țiglarilor 84,1,45.8070514,24.1438063
SB-25-SOM,2024-10-15 07:47:23+00:00,6IME,120L,Sibiu,Romania,Strada Țiglarilor 85,1,45.8070514,24.1438063
SB-25-SOM,2024-10-15 07:48:16+00:00,A2MK,240L,Sibiu,Romania,Strada Țiglarilor 89,1,45.8070514,24.1438063
SB-25-SOM,2024-10-15 07:48:40+00:00,74ZLG3,120L,Sibiu,Romania,Strada Țiglarilor 92,1,45.8070514,24.1438063
SB-25-SOM,2024-10-15 07:49:53+00:00,B3FI,120L,Sibiu,Romania,Strada Țiglarilor 95,1,45.8070514,24.1438063
SB-25-SOM,2024-10-15 07:50:50+00:00,FDSTRJ,120L,Sibiu,Romania,Strada Zidarilor 1,1,45.8105793,24.1357326
SB-25-SOM,2024-10-15 07:50:56+00:00,H7MM,120L,Sibiu,Romania,Strada Zidarilor 2,1,45.8105793,24.1357326
SB-25-SOM,2024-10-15 07:51:30+00:00,EUZU,120L,Sibiu,Romania,Strada Zidarilor 7,1,45.8105793,24.1357326
SB-25-SOM,2024-10-15 07:51:50+00:00,LQS7,120L,Sibiu,Romania,Strada Zidarilor 6,1,45.8105793,24.1357326
SB-25-SOM,2024-10-15 07:56:08+00:00,QOH2,120L,Sibiu,Romania,Strada Țiglarilor 106,1,45.8070514,24.1438063
SB-25-SOM,2024-10-15 07:58:43+00:00,7WIN,240L,Sibiu,Romania,Strada Țiglarilor 101,1,45.811786,24.1340213
SB-25-SOM,2024-10-15 07:58:46+00:00,LUKAU6,240L,Sibiu,Romania,Strada Țiglarilor 101,1,45.811786,24.1340213
SB-25-SOM,2024-10-15 07:59:13+00:00,7VCQ,240L,Sibiu,Romania,Strada Țiglarilor 101,1,45.811786,24.1340213
SB-25-SOM,2024-10-15 08:01:02+00:00,FOY2RW,240L,Sibiu,Romania,Strada Țiglarilor 103,1,45.8125387,24.1332865
SB-25-SOM,2024-10-15 08:01:07+00:00,7T6P,120L,Sibiu,Romania,Strada Țiglarilor 103,1,45.8125387,24.1332865
SB-25-SOM,2024-10-15 08:01:28+00:00,DL7T,120L,Sibiu,Romania,Strada Țiglarilor 103,1,45.8125387,24.1332865
SB-25-SOM,2024-10-15 08:01:55+00:00,L4APOF,120L,Sibiu,Romania,Strada Țiglarilor 103,1,45.8125387,24.1332865
SB-25-SOM,2024-10-15 08:04:16+00:00,7QZLCR,1.100L,Sibiu,Romania,Strada Țiglarilor 103,1,45.8125387,24.1332865
SB-25-SOM,2024-10-15 08:05:04+00:00,CUGP,120L,Sibiu,Romania,Strada Țiglarilor 108,1,45.8070514,24.1438063
SB-25-SOM,2024-10-15 08:06:12+00:00,AWBU,120L,Sibiu,Romania,Strada Țiglarilor 110,1,45.812866,24.1331458
SB-25-SOM,2024-10-15 08:06:57+00:00,LDNFET,240L,Sibiu,Romania,Strada Țiglarilor 105,1,45.8127266,24.1329041
SB-25-SOM,2024-10-15 08:07:34+00:00,5CNOGA,120L,Sibiu,Romania,Strada Țiglarilor 116,1,45.8070514,24.1438063
SB-25-SOM,2024-10-15 08:08:07+00:00,CMJT,120L,Sibiu,Romania,Strada Țiglarilor 118,1,45.8070514,24.1438063
SB-25-SOM,2024-10-15 08:08:20+00:00,VRJU,120L,Sibiu,Romania,Strada Țiglarilor 120,1,45.8070514,24.1438063
SB-25-SOM,2024-10-15 08:08:57+00:00,4YA6,120L,Sibiu,Romania,Strada Țiglarilor 122,1,45.8132114,24.1322923
SB-25-SOM,2024-10-15 08:09:32+00:00,MPB5UZ,120L,Sibiu,Romania,Strada Cuptorului 33 A,1,45.8132504,24.1334732
SB-25-SOM,2024-10-15 08:10:06+00:00,UJED,240L,Sibiu,Romania,Strada Țiglarilor 128 A,1,45.813346,24.1319651
SB-25-SOM,2024-10-15 08:10:38+00:00,7GNE,120L,Sibiu,Romania,Strada Țiglarilor 111,1,45.8070514,24.1438063
SB-25-SOM,2024-10-15 08:16:37+00:00,7EKJ,120L,Sibiu,Romania,Strada Deventer 7,1,45.8145043,24.1288007
SB-25-SOM,2024-10-15 08:17:38+00:00,7AS6,120L,Sibiu,Romania,Strada Deventer 15,1,45.8145043,24.1288007
SB-25-SOM,2024-10-15 08:19:41+00:00,CQS7,120L,Sibiu,Romania,Strada Cuptorului 38,1,45.8132504,24.1334732
SB-25-SOM,2024-10-15 08:20:25+00:00,OTAV,120L,Sibiu,Romania,Strada Cuptorului 36,1,45.8132504,24.1334732
SB-25-SOM,2024-10-15 08:21:09+00:00,SBEF,120L,Sibiu,Romania,Strada Cuptorului 34,1,45.8132504,24.1334732
SB-25-SOM,2024-10-15 08:21:25+00:00,XAI5V2,120L,Sibiu,Romania,Strada Cuptorului 31,1,45.8132504,24.1334732
SB-25-SOM,2024-10-15 08:21:48+00:00,F6QH,120L,Sibiu,Romania,Strada Cuptorului 30,1,45.8132504,24.1334732
SB-25-SOM,2024-10-15 08:22:09+00:00,IYZ6,120L,Sibiu,Romania,Strada Cuptorului 29,1,45.8132504,24.1334732
SB-25-SOM,2024-10-15 08:22:16+00:00,UNYVJN,120L,Sibiu,Romania,Strada Cuptorului 26,1,45.8132504,24.1334732
SB-25-SOM,2024-10-15 08:23:20+00:00,R6JV,120L,Sibiu,Romania,Strada Cuptorului 25,1,45.8132504,24.1334732
SB-25-SOM,2024-10-15 08:23:47+00:00,63NT,120L,Sibiu,Romania,Strada Cuptorului 23,1,45.8132504,24.1334732
SB-25-SOM,2024-10-15 08:23:51+00:00,HQHV6X,120L,Sibiu,Romania,Strada Cuptorului 20,1,45.8132504,24.1334732
SB-25-SOM,2024-10-15 08:24:30+00:00,73TR,120L,Sibiu,Romania,Strada Cuptorului 19,1,45.8132504,24.1334732
SB-25-SOM,2024-10-15 08:25:38+00:00,C2ANBH,120L,Sibiu,Romania,Strada Cuptorului 14 B,1,45.8132504,24.1334732
SB-25-SOM,2024-10-15 08:27:33+00:00,TDTR,120L,Sibiu,Romania,Strada Cuptorului 13,1,45.8132504,24.1334732
SB-25-SOM,2024-10-15 08:28:06+00:00,E5AO,120L,Sibiu,Romania,Strada Cuptorului 14,1,45.8132504,24.1334732
SB-25-SOM,2024-10-15 08:29:03+00:00,NL5N,120L,Sibiu,Romania,Strada Cuptorului 1,1,45.8132504,24.1334732
SB-25-SOM,2024-10-15 08:29:45+00:00,ZJKN,120L,Sibiu,Romania,Strada Cuptorului 3,1,45.8132504,24.1334732
SB-25-SOM,2024-10-15 08:30:53+00:00,X2CB,120L,Sibiu,Romania,Strada Cuptorului 12,1,45.8132504,24.1334732
SB-25-SOM,2024-10-15 08:30:56+00:00,JICQOG,120L,Sibiu,Romania,Strada Cuptorului 7 G,1,45.8132504,24.1334732
SB-25-SOM,2024-10-15 08:31:30+00:00,GPHC,120L,Sibiu,Romania,Strada Cuptorului 10,1,45.8132504,24.1334732
SB-25-SOM,2024-10-15 08:36:36+00:00,2CB5UZ,1.100L,Sibiu,Romania,Strada Cuptorului 12 B,1,45.8132504,24.1334732
SB-25-SOM,2024-10-15 08:40:11+00:00,SQK2,120L,Sibiu,Romania,Strada Ulmului 62,1,45.8144345,24.1376626
SB-25-SOM,2024-10-15 08:40:37+00:00,5IM6RQ,120L,Sibiu,Romania,Strada Ulmului 60,1,45.8146802,24.1378424
SB-25-SOM,2024-10-15 08:40:58+00:00,EFXC,120L,Sibiu,Romania,Strada Ulmului 56,1,45.8149118,24.1379953
SB-25-SOM,2024-10-15 08:42:44+00:00,H7KEWX,120L,Sibiu,Romania,Strada Ulmului 35 A,1,45.8130117,24.1414418
SB-25-SOM,2024-10-15 08:43:00+00:00,AP3D,120L,Sibiu,Romania,Strada Ulmului 50 A,1,45.8130117,24.1414418
SB-25-SOM,2024-10-15 08:43:50+00:00,AFE3,120L,Sibiu,Romania,Strada Ulmului 50 A,1,45.8130117,24.1414418
SB-25-SOM,2024-10-15 08:44:37+00:00,IJBU,120L,Sibiu,Romania,Strada Ulmului 46,1,46.1568593,24.3656053
SB-25-SOM,2024-10-15 08:44:39+00:00,5HUB,120L,Sibiu,Romania,Strada Ulmului 46,1,46.1568593,24.3656053
SB-25-SOM,2024-10-15 08:45:21+00:00,P7QA,120L,Sibiu,Romania,Strada Ulmului 44,1,45.8148149,24.1392061
SB-25-SOM,2024-10-15 08:46:02+00:00,G4QPXW,120L,Sibiu,Romania,Strada Ulmului 27,1,45.8144628,24.1394542
SB-25-SOM,2024-10-15 08:46:14+00:00,WZLA,120L,Sibiu,Romania,Strada Ulmului 40,1,45.8146763,24.139438
SB-25-SOM,2024-10-15 08:48:13+00:00,I6E5,120L,Sibiu,Romania,Strada Ulmului 34,1,45.8142635,24.140086
SB-25-SOM,2024-10-15 08:48:55+00:00,MCE7DG,120L,Sibiu,Romania,Strada Ulmului 32,1,45.8141836,24.1402501
SB-25-SOM,2024-10-15 08:49:40+00:00,ORMMLR,120L,Sibiu,Romania,Strada Ulmului 25,1,46.1584889,24.3649465
SB-25-SOM,2024-10-15 08:50:02+00:00,7TCM,1.100L,Sibiu,Romania,Strada Ulmului 28,1,45.8136227,24.140912
SB-25-SOM,2024-10-15 08:54:22+00:00,JBCWEX,120L,Sibiu,Romania,Strada Florilor 12 A,1,45.8101778,24.1414081
SB-25-SOM,2024-10-15 08:58:13+00:00,W6TD,120L,Sibiu,Romania,Strada Ulmului 1,1,45.8119796,24.1427514
SB-25-SOM,2024-10-15 08:58:46+00:00,QZOB,120L,Sibiu,Romania,Strada Ulmului 5,1,45.8121507,24.1425495
SB-25-SOM,2024-10-15 08:58:47+00:00,OC26,120L,Sibiu,Romania,Strada Ulmului 3,1,45.812059,24.142647
SB-25-SOM,2024-10-15 08:59:29+00:00,5SY7,120L,Sibiu,Romania,Strada Ulmului 9,1,45.8122934,24.1423685
SB-25-SOM,2024-10-15 09:00:00+00:00,H5RK,120L,Sibiu,Romania,Strada Ulmului 15,1,45.8124945,24.1420834
SB-25-SOM,2024-10-15 09:00:31+00:00,PSMN,120L,Sibiu,Romania,Strada Ulmului 14,1,45.8126944,24.1421725
SB-25-SOM,2024-10-15 09:01:07+00:00,GI3Z,120L,Sibiu,Romania,Strada Ulmului 18,1,45.8128277,24.1419993
SB-25-SOM,2024-10-15 09:01:25+00:00,UJ6YSF,120L,Sibiu,Romania,Strada Ulmului 21,1,45.8127923,24.141726
SB-25-SOM,2024-10-15 09:01:45+00:00,EGF425,120L,Sibiu,Romania,Strada Record 37,1,45.8129989,24.1412842
SB-25-SOM,2024-10-15 09:02:29+00:00,6TZH,120L,Sibiu,Romania,Strada Record 26,1,45.811888,24.1397456
SB-25-SOM,2024-10-15 09:05:12+00:00,7KJ2,120L,Sibiu,Romania,Strada Lacul lui Binder 4,1,45.8104715,24.1325745
SB-25-SOM,2024-10-15 09:05:24+00:00,KK4T,120L,Sibiu,Romania,Strada Țiglarilor 101,1,45.811786,24.1340213
SB-25-SOM,2024-10-15 09:06:40+00:00,SOROBW,120L,Sibiu,Romania,Strada Lacul lui Binder 5,1,45.8104715,24.1325745
SB-25-SOM,2024-10-15 09:07:10+00:00,LNWFHI,240L,Sibiu,Romania,Strada Lacul lui Binder FN,1,45.8104715,24.1325745
SB-25-SOM,2024-10-15 09:09:44+00:00,VNCA,120L,Sibiu,Romania,Strada Lutului 76,1,45.8076967,24.1349252
SB-25-SOM,2024-10-15 09:09:59+00:00,UJDFJW,120L,Sibiu,Romania,Strada Lutului 74,1,45.8077577,24.1350294
SB-25-SOM,2024-10-15 09:10:26+00:00,46JF75,120L,Sibiu,Romania,Strada Lutului 60,1,45.8082593,24.1357743
SB-25-SOM,2024-10-15 09:11:46+00:00,T2X2,120L,Sibiu,Romania,Strada Lutului 58,1,45.8083415,24.1358872
SB-25-SOM,2024-10-15 09:12:15+00:00,43XG,120L,Sibiu,Romania,Strada Lutului 53,1,45.8083414,24.136186
SB-25-SOM,2024-10-15 09:12:41+00:00,VYIT,120L,Sibiu,Romania,Strada Lutului 43 A,1,45.8087463,24.136816
SB-25-SOM,2024-10-15 09:12:56+00:00,PIJZ,120L,Sibiu,Romania,Strada Lutului 48,1,45.8088184,24.1366219
SB-25-SOM,2024-10-15 09:14:01+00:00,B534,120L,Sibiu,Romania,Strada Lutului 40,1,45.8090792,24.1369946
SB-25-SOM,2024-10-15 09:14:02+00:00,RVU6,120L,Sibiu,Romania,Strada Lutului 35,1,45.8089811,24.1371591
SB-25-SOM,2024-10-15 09:14:29+00:00,4VYR,120L,Sibiu,Romania,Strada Lutului 36,1,45.80918,24.137151
SB-25-SOM,2024-10-15 09:14:32+00:00,SNVZ,120L,Sibiu,Romania,Strada Lutului 31,1,45.8091133,24.1373498
SB-25-SOM,2024-10-15 09:14:42+00:00,FFFY,120L,Sibiu,Romania,Strada Lutului 34,1,45.8092173,24.1372061
SB-25-SOM,2024-10-15 09:14:54+00:00,FN4Z,120L,Sibiu,Romania,Strada Lutului 29,1,45.8091748,24.1374296
SB-25-SOM,2024-10-15 09:15:12+00:00,YABH,120L,Sibiu,Romania,Strada Lutului 32,1,45.8092677,24.1373032
SB-25-SOM,2024-10-15 09:15:32+00:00,WV3D,120L,Sibiu,Romania,Strada Ulmului 21,1,45.8127923,24.141726
SB-25-SOM,2024-10-15 09:16:13+00:00,N7YA,120L,Sibiu,Romania,Strada Lutului 22,1,45.8096028,24.137815
SB-25-SOM,2024-10-15 09:16:15+00:00,XFJB4O,120L,Sibiu,Romania,Strada Lutului 17,1,45.8095154,24.1380006
SB-25-SOM,2024-10-15 09:16:47+00:00,NDM7,120L,Sibiu,Romania,Strada Lutului 14,1,45.8098296,24.1381539
SB-25-SOM,2024-10-15 09:17:11+00:00,AVVB,120L,Sibiu,Romania,Strada Lutului 8,1,45.8100068,24.1384007
SB-25-SOM,2024-10-15 09:18:59+00:00,YANR,120L,Sibiu,Romania,Strada Sperantei 5,1,45.8082711,24.1389279
SB-25-SOM,2024-10-15 09:20:35+00:00,KIKG,120L,Sibiu,Romania,Strada Carpaților 2,1,45.8074644,24.1400997
SB-25-SOM,2024-10-15 09:20:58+00:00,YIEA,120L,Sibiu,Romania,Strada Carpaților 3 B,1,45.8074644,24.1400997
SB-25-SOM,2024-10-15 09:21:29+00:00,DOAY,120L,Sibiu,Romania,Strada Carpaților 9,1,45.8074644,24.1400997
SB-25-SOM,2024-10-15 09:23:27+00:00,PWCW,120L,Sibiu,Romania,Strada Carpaților 15,1,45.8074644,24.1400997
SB-25-SOM,2024-10-15 09:23:49+00:00,BT77,120L,Sibiu,Romania,Strada Carpaților 17,1,45.8074644,24.1400997
SB-25-SOM,2024-10-15 09:23:55+00:00,OXYS,120L,Sibiu,Romania,Strada Carpaților 16 A,1,45.8074644,24.1400997
SB-25-SOM,2024-10-15 09:25:01+00:00,JCPQ,120L,Sibiu,Romania,Strada Carpaților 21,1,45.8074644,24.1400997
SB-25-SOM,2024-10-15 09:25:26+00:00,QE67,120L,Sibiu,Romania,Strada Carpaților 23,1,45.8074644,24.1400997
SB-25-SOM,2024-10-15 09:25:43+00:00,U6RM,120L,Sibiu,Romania,Strada Carpaților 25,1,45.8074644,24.1400997
SB-25-SOM,2024-10-15 09:26:12+00:00,C7GGQV,120L,Sibiu,Romania,Strada Carpaților 29,1,45.8074644,24.1400997
SB-25-SOM,2024-10-15 09:26:21+00:00,H644,120L,Sibiu,Romania,Strada Carpaților 28,1,45.8074644,24.1400997
SB-25-SOM,2024-10-15 09:26:47+00:00,R7PR,120L,Sibiu,Romania,Strada Carpaților 31,1,45.8074644,24.1400997
SB-25-SOM,2024-10-15 09:27:10+00:00,6LTW,120L,Sibiu,Romania,Strada Carpaților 33,1,45.8074644,24.1400997
SB-25-SOM,2024-10-15 09:28:16+00:00,SCSO,120L,Sibiu,Romania,Strada Margaretelor 41,1,45.8067434,24.1396602
SB-25-SOM,2024-10-15 09:28:46+00:00,LP4Y,120L,Sibiu,Romania,Strada Țiglarilor 39,1,45.8077055,24.1425171
SB-25-SOM,2024-10-15 09:29:11+00:00,6MZI,120L,Sibiu,Romania,Strada Țiglarilor 35 A,1,45.8070514,24.1438063
SB-25-SOM,2024-10-15 09:30:02+00:00,6LPK,120L,Sibiu,Romania,Strada Țiglarilor 33 A,1,45.8070514,24.1438063
SB-25-SOM,2024-10-15 09:30:40+00:00,F3DJ,120L,Sibiu,Romania,Strada Țiglarilor 25,1,45.8071111,24.1432824
SB-25-SOM,2024-10-15 09:30:51+00:00,K2PH,120L,Sibiu,Romania,Strada Țiglarilor 21,1,45.8070551,24.1435522
SB-25-SOM,2024-10-15 09:31:19+00:00,X5VJW2,120L,Sibiu,Romania,Strada Țiglarilor 25,1,45.8071111,24.1432824
SB-25-SOM,2024-10-15 09:32:07+00:00,MHKA,120L,Sibiu,Romania,Strada Țiglarilor 11,1,45.8067468,24.1440063
SB-25-SOM,2024-10-15 09:32:36+00:00,2ZO3T5,240L,Sibiu,Romania,Strada Țiglarilor 7,1,45.8066191,24.1442711
SB-25-SOM,2024-10-15 09:32:41+00:00,5SD4,120L,Sibiu,Romania,Strada Țiglarilor 7,1,45.8066191,24.1442711
SB-25-SOM,2024-10-15 09:33:19+00:00,WXUT,120L,Sibiu,Romania,Strada Țiglarilor 3,1,45.8070514,24.1438063
SB-25-SOM,2024-10-15 09:33:43+00:00,6K5E,120L,Sibiu,Romania,Strada Țiglarilor 3 A,1,45.8070514,24.1438063
SB-25-SOM,2024-10-15 09:34:22+00:00,X6LQ,120L,Sibiu,Romania,Strada Lungă 53,1,45.8061464,24.1447257
SB-25-SOM,2024-10-15 09:35:02+00:00,FXZL,120L,Sibiu,Romania,Strada Lungă 47,1,45.8058337,24.1445507
SB-25-SOM,2024-10-15 09:36:06+00:00,LRDP,120L,Sibiu,Romania,Strada Lungă 37,1,45.8048442,24.1442546
SB-25-SOM,2024-10-15 09:36:21+00:00,6CJM,120L,Sibiu,Romania,Strada Lungă 35 C,1,45.8113908,24.1482689
SB-25-SOM,2024-10-15 09:36:25+00:00,6DTX,120L,Sibiu,Romania,Strada Lungă 35 A,1,45.8009248,24.1432341
SB-25-SOM,2024-10-15 09:37:16+00:00,UKOAXG,120L,Sibiu,Romania,Strada Lungă 35,1,45.8046994,24.1442225
SB-25-SOM,2024-10-15 09:37:21+00:00,FX6X,120L,Sibiu,Romania,Strada Lungă 35,1,45.8046994,24.1442225
SB-25-SOM,2024-10-15 09:37:57+00:00,WSNJB3,120L,Sibiu,Romania,Strada Lungă 35,1,45.8046994,24.1442225
SB-25-SOM,2024-10-15 09:38:00+00:00,JF43EY,120L,Sibiu,Romania,Strada Lungă 40,1,45.804848,24.1445817
SB-25-SOM,2024-10-15 09:38:20+00:00,6WVIGL,120L,Sibiu,Romania,Strada Lungă 35,1,45.8046994,24.1442225
SB-25-SOM,2024-10-15 09:39:14+00:00,WQJ4,120L,Sibiu,Romania,Strada Lungă 31,1,45.804161,24.1440808
SB-25-SOM,2024-10-15 09:39:17+00:00,FTXO,120L,Sibiu,Romania,Strada Lungă 31,1,45.804161,24.1440808
SB-25-SOM,2024-10-15 09:39:50+00:00,2MCS,120L,Sibiu,Romania,Strada Lungă 29,1,45.8038852,24.1440324
SB-25-SOM,2024-10-15 09:41:47+00:00,3AFF,120L,Sibiu,Romania,Strada Lungă 17 A,1,45.8029388,24.1437153
SB-25-SOM,2024-10-15 09:42:58+00:00,IQXF,1.100L,Sibiu,Romania,Strada Lungă 9,1,45.8022607,24.1435208
SB-25-SOM,2024-10-15 09:44:32+00:00,IATBI7,120L,Sibiu,Romania,Strada Lungă 7,1,45.8020929,24.1434692
SB-25-SOM,2024-10-15 09:44:34+00:00,BESN,120L,Sibiu,Romania,Strada Lungă 7,1,45.8020929,24.1434692
SB-25-SOM,2024-10-15 09:47:34+00:00,RRYH,120L,Sibiu,Romania,Strada Ion Luca Caragiale 1,1,45.8013524,24.1430389
SB-25-SOM,2024-10-15 09:47:58+00:00,G4N6,120L,Sibiu,Romania,Strada Ion Luca Caragiale 2,1,45.8017827,24.1424792
SB-25-SOM,2024-10-15 09:48:46+00:00,7CX2,120L,Sibiu,Romania,Strada Ion Luca Caragiale 2,1,45.8017827,24.1424792
SB-25-SOM,2024-10-15 09:49:26+00:00,RSK3LI,120L,Sibiu,Romania,Ion Luca Caragiale 8,1,45.8017827,24.1424792
SB-25-SOM,2024-10-15 09:50:55+00:00,6BJBLA,120L,Sibiu,Romania,Strada Reconstrucției 2 A,1,45.8002418,24.1431379
SB-25-SOM,2024-10-15 09:51:37+00:00,U67K,120L,Sibiu,Romania,Strada Lungă 2 E,1,45.8057411,24.1447052
SB-25-SOM,2024-10-15 09:51:40+00:00,4UBK,120L,Sibiu,Romania,Strada Râului 22 A,1,45.7980005,24.1421682
SB-25-SOM,2024-10-15 09:52:49+00:00,435TFU,120L,Sibiu,Romania,Strada Lungă 2,1,45.8011594,24.1438716
SB-25-SOM,2024-10-15 09:53:40+00:00,5PA5,240L,Sibiu,Romania,Strada Lungă 8 D,1,45.8096309,24.1470948
SB-25-SOM,2024-10-15 09:53:46+00:00,SBWR,120L,Sibiu,Romania,Strada Lungă 6,1,45.8015869,24.1437281
SB-25-SOM,2024-10-15 09:53:48+00:00,PITBY7,240L,Sibiu,Romania,Strada Lungă 8,1,45.8017563,24.1437236
SB-25-SOM,2024-10-15 09:54:06+00:00,EOJ7T5,240L,Sibiu,Romania,Strada Lungă 8 C,1,45.8096309,24.1470948
SB-25-SOM,2024-10-15 09:54:13+00:00,7VYE37,240L,Sibiu,Romania,Strada Lungă 8,1,45.8017563,24.1437236
SB-25-SOM,2024-10-15 09:54:26+00:00,5PME,240L,Sibiu,Romania,Strada Lungă 8 B,1,45.8096309,24.1470948
SB-25-SOM,2024-10-15 09:55:01+00:00,KVT7,120L,Sibiu,Romania,Strada Lungă 12,1,45.802152,24.1438097
SB-25-SOM,2024-10-15 09:55:03+00:00,4YZE4J,120L,Sibiu,Romania,Strada Lungă 10,1,45.8019604,24.1437688
SB-25-SOM,2024-10-15 09:56:30+00:00,BV2OVR,120L,Sibiu,Romania,Strada Lungă 16,1,45.8025825,24.1439949
SB-25-SOM,2024-10-15 09:57:22+00:00,ITS2,120L,Sibiu,Romania,Strada Lungă 22,1,45.8031097,24.144186
SB-25-SOM,2024-10-15 09:57:23+00:00,5M7N,240L,Sibiu,Romania,Strada Lungă 22 B,1,45.8057411,24.1447052
SB-25-SOM,2024-10-15 09:58:08+00:00,5FEK,120L,Sibiu,Romania,Strada Lungă 26 A,1,45.8057411,24.1447052
SB-25-SOM,2024-10-15 09:58:41+00:00,6ZGKYZ,240L,Sibiu,Romania,Strada Lungă 26,1,45.8034579,24.1442626
SB-25-SOM,2024-10-15 10:01:23+00:00,5CDN,120L,Sibiu,Romania,Strada General Bălan 42,1,45.8034125,24.1428207
SB-25-SOM,2024-10-15 10:01:26+00:00,PEIN,120L,Sibiu,Romania,Strada Lungă 33,1,45.8043294,24.1440997
SB-25-SOM,2024-10-15 10:01:55+00:00,FOAUWV,240L,Sibiu,Romania,Strada General Bălan 51,1,45.8034125,24.1428207
SB-25-SOM,2024-10-15 10:01:59+00:00,IANB,120L,Sibiu,Romania,Strada General Bălan 51,1,45.8034125,24.1428207
SB-25-SOM,2024-10-15 10:02:32+00:00,6RCW,120L,Sibiu,Romania,Strada General Bălan 40,1,45.8034125,24.1428207
SB-25-SOM,2024-10-15 10:02:35+00:00,OJJ3,120L,Sibiu,Romania,Strada General Bălan 47,1,45.8034125,24.1428207
SB-25-SOM,2024-10-15 10:02:46+00:00,PI7FPO,120L,Sibiu,Romania,Strada General Bălan 47,1,45.8034125,24.1428207
SB-25-SOM,2024-10-15 10:04:26+00:00,MB3T,120L,Sibiu,Romania,Strada Lungă 25,1,45.8039953,24.1437501
SB-25-SOM,2024-10-15 10:04:35+00:00,DAES,120L,Sibiu,Romania,Strada General Bălan 37,1,45.8034125,24.1428207
SB-25-SOM,2024-10-15 10:05:01+00:00,QKYD,120L,Sibiu,Romania,Strada General Bălan 35,1,45.8034125,24.1428207
SB-25-SOM,2024-10-15 10:05:03+00:00,6732,120L,Sibiu,Romania,Strada General Bălan 34,1,45.8034125,24.1428207
SB-25-SOM,2024-10-15 10:05:50+00:00,OCG2,120L,Sibiu,Romania,Strada General Bălan 33,1,45.8034125,24.1428207
SB-25-SOM,2024-10-15 10:06:55+00:00,BGGG,120L,Sibiu,Romania,Strada General Bălan 28,1,45.8034125,24.1428207
SB-25-SOM,2024-10-15 10:07:22+00:00,63TS,120L,Sibiu,Romania,Strada General Bălan 28,1,45.8034125,24.1428207
SB-25-SOM,2024-10-15 10:07:27+00:00,5R2U,120L,Sibiu,Romania,Strada General Bălan 27,1,45.8034125,24.1428207
SB-25-SOM,2024-10-15 10:07:54+00:00,B2RM,120L,Sibiu,Romania,Strada General Bălan 23,1,45.8034125,24.1428207
SB-25-SOM,2024-10-15 10:08:07+00:00,UFIX,120L,Sibiu,Romania,Strada General Bălan 24,1,45.8034125,24.1428207
SB-25-SOM,2024-10-15 10:08:11+00:00,YWXV37,120L,Sibiu,Romania,Strada General Bălan 21,1,45.8034125,24.1428207
SB-25-SOM,2024-10-15 10:08:30+00:00,LKP3XO,120L,Sibiu,Romania,Strada General Bălan 22,1,45.8034125,24.1428207
SB-25-SOM,2024-10-15 10:08:32+00:00,QZMA,120L,Sibiu,Romania,Strada General Bălan 19,1,45.8034125,24.1428207
SB-25-SOM,2024-10-15 10:09:07+00:00,NNJ2KY,120L,Sibiu,Romania,Strada General Bălan 18,1,45.8034125,24.1428207
SB-25-SOM,2024-10-15 10:09:41+00:00,6BQJ,120L,Sibiu,Romania,Strada General Bălan 14,1,45.8034125,24.1428207
SB-25-SOM,2024-10-15 10:09:43+00:00,JA5YGO,120L,Sibiu,Romania,Strada General Bălan 11,1,45.8034125,24.1428207
SB-25-SOM,2024-10-15 10:10:23+00:00,EXNZ,120L,Sibiu,Romania,Strada General Bălan 12,1,45.8034125,24.1428207
SB-25-SOM,2024-10-15 10:11:23+00:00,OO4C,120L,Sibiu,Romania,Strada General Bălan 10,1,45.8034125,24.1428207
SB-25-SOM,2024-10-15 10:11:56+00:00,HW34,120L,Sibiu,Romania,Strada General Bălan 5,1,45.8034125,24.1428207
SB-25-SOM,2024-10-15 10:50:30+00:00,TDAR,120L,Sibiu,Romania,Strada Honterus 2,1,45.805351,24.1402794
SB-25-SOM,2024-10-15 10:50:35+00:00,BDI4,120L,Sibiu,Romania,Strada Înfrățirii 17,1,45.8043507,24.1413424
SB-25-SOM,2024-10-15 10:51:23+00:00,Z3HP,120L,Sibiu,Romania,Strada Honterus 7,1,45.805351,24.1402794
SB-25-SOM,2024-10-15 10:51:27+00:00,KY4M,120L,Sibiu,Romania,Strada Honterus 6,1,46.1663698,24.3506783
SB-25-SOM,2024-10-15 10:52:04+00:00,WAFM,120L,Sibiu,Romania,Strada Honterus 12,1,46.1667126,24.3505692
SB-25-SOM,2024-10-15 10:52:23+00:00,H7AM,120L,Sibiu,Romania,Strada Honterus 13,1,45.805351,24.1402794
SB-25-SOM,2024-10-15 10:52:42+00:00,ZBXZFK,120L,Sibiu,Romania,Strada Honterus 26,1,46.1675269,24.3504349
SB-25-SOM,2024-10-15 10:54:01+00:00,U4YY,120L,Sibiu,Romania,Strada Honterus 38,1,46.1682067,24.3503604
SB-25-SOM,2024-10-15 10:54:40+00:00,6QMX,120L,Sibiu,Romania,Strada Honterus 33,1,45.805351,24.1402794
SB-25-SOM,2024-10-15 10:54:53+00:00,VJBQ,120L,Sibiu,Romania,Strada Honterus 35,1,45.805351,24.1402794
SB-25-SOM,2024-10-15 10:56:30+00:00,MFIU,120L,Sibiu,Romania,Strada Democrației 42,1,45.8064596,24.1403118
SB-25-SOM,2024-10-15 10:56:46+00:00,BNZ7,120L,Sibiu,Romania,Strada Democrației 39,1,45.8063339,24.1401695
SB-25-SOM,2024-10-15 10:58:27+00:00,6I6E,120L,Sibiu,Romania,Strada Democrației 33,1,45.8061688,24.1404458
SB-25-SOM,2024-10-15 10:58:42+00:00,2KZ2,120L,Sibiu,Romania,Strada Democrației 32,1,45.8062341,24.1407932
SB-25-SOM,2024-10-15 10:58:47+00:00,WIBG,120L,Sibiu,Romania,Strada Democrației 29,1,45.806055,24.140633
SB-25-SOM,2024-10-15 10:59:38+00:00,XSKK,120L,Sibiu,Romania,Strada Democrației 28,1,45.8061139,24.1410421
SB-25-SOM,2024-10-15 11:00:07+00:00,4DOY,120L,Sibiu,Romania,Strada Democrației 24,1,45.8060277,24.1411417
SB-25-SOM,2024-10-15 11:00:45+00:00,F3EENW,120L,Sibiu,Romania,Strada Democrației 22,1,45.8059806,24.1413003
SB-25-SOM,2024-10-15 11:00:47+00:00,6RFTUR,120L,Sibiu,Romania,Strada Democrației 19,1,45.8057617,24.1411415
SB-25-SOM,2024-10-15 11:01:24+00:00,EJ6F,120L,Sibiu,Romania,Strada Democrației 20,1,45.8059303,24.1414859
SB-25-SOM,2024-10-15 11:01:28+00:00,DOLS,120L,Sibiu,Romania,Strada Democrației 17,1,45.8056611,24.1413193
SB-25-SOM,2024-10-15 11:02:33+00:00,ENGP,120L,Sibiu,Romania,Strada Democrației 11,1,45.8054644,24.1416819
SB-25-SOM,2024-10-15 11:03:01+00:00,YDGZ,120L,Sibiu,Romania,Strada Democrației 14,1,45.8055885,24.1418756
SB-25-SOM,2024-10-15 11:03:59+00:00,5BEQ,120L,Sibiu,Romania,Strada Democrației 12,1,45.8055339,24.142029
SB-25-SOM,2024-10-15 11:05:50+00:00,NCTD,120L,Sibiu,Romania,Strada Viorelelor 6,1,45.8056043,24.1431419
SB-25-SOM,2024-10-15 11:07:51+00:00,YIHVO4,120L,Sibiu,Romania,Strada Viorelelor 5,1,46.1656447,24.3666195
SB-25-SOM,2024-10-15 11:08:18+00:00,VZ4J,120L,Sibiu,Romania,Strada Viorelelor 14,1,45.8058149,24.142639
SB-25-SOM,2024-10-15 11:08:58+00:00,2BSY,120L,Sibiu,Romania,Strada Viorelelor 20,1,45.8059942,24.142268
SB-25-SOM,2024-10-15 11:09:21+00:00,WCGB,120L,Sibiu,Romania,Strada Viorelelor 13,1,46.1652957,24.3661122
SB-25-SOM,2024-10-15 11:10:18+00:00,ZYCY,120L,Sibiu,Romania,Strada Viorelelor 23,1,45.8058977,24.1421633
SB-25-SOM,2024-10-15 11:10:33+00:00,CSJJ,120L,Sibiu,Romania,Strada Viorelelor 21,1,46.1655807,24.3667388
SB-25-SOM,2024-10-15 11:11:31+00:00,ZU3B,120L,Sibiu,Romania,Strada Viorelelor 25,1,46.1655807,24.3667388
SB-25-SOM,2024-10-15 11:12:13+00:00,OCKI,120L,Sibiu,Romania,Strada Simion Bărnuțiu 41,1,45.8062665,24.142747
SB-25-SOM,2024-10-15 11:12:57+00:00,2BCN5D,120L,Sibiu,Romania,Strada Simion Bărnuțiu 38,1,45.8062665,24.142747
SB-25-SOM,2024-10-15 11:13:25+00:00,PJW7,120L,Sibiu,Romania,Strada Simion Bărnuțiu 33,1,45.8062665,24.142747
SB-25-SOM,2024-10-15 11:13:28+00:00,J2FI,120L,Sibiu,Romania,Strada Simion Bărnuțiu 31,1,45.8062665,24.142747
SB-25-SOM,2024-10-15 11:13:53+00:00,6GHW,120L,Sibiu,Romania,Strada Simion Bărnuțiu 32,1,45.8062665,24.142747
SB-25-SOM,2024-10-15 11:14:13+00:00,KFY4DZ,120L,Sibiu,Romania,Strada Viorelelor 26,1,45.8058977,24.1421633
SB-25-SOM,2024-10-15 11:14:15+00:00,LCPJ6E,120L,Sibiu,Romania,Strada Simion Bărnuțiu 30,1,45.8062665,24.142747
SB-25-SOM,2024-10-15 11:14:39+00:00,GJZX,120L,Sibiu,Romania,Strada Simion Bărnuțiu 28,1,45.8062665,24.142747
SB-25-SOM,2024-10-15 11:15:06+00:00,LZCS,120L,Sibiu,Romania,Strada Simion Bărnuțiu 25,1,46.1652332,24.3556282
SB-25-SOM,2024-10-15 11:15:50+00:00,JPRILB,120L,Sibiu,Romania,Strada Simion Bărnuțiu 23,1,45.8062665,24.142747
SB-25-SOM,2024-10-15 11:16:42+00:00,N4WDNF,120L,Sibiu,Romania,Strada Simion Bărnuțiu 16,1,46.1644531,24.3558599
SB-25-SOM,2024-10-15 11:17:04+00:00,Z7IT,120L,Sibiu,Romania,Strada Simion Bărnuțiu 14,1,46.1647128,24.3559864
SB-25-SOM,2024-10-15 11:18:19+00:00,QFFS,120L,Sibiu,Romania,Strada Simion Bărnuțiu 2,1,46.1653993,24.3554003
SB-25-SOM,2024-10-15 11:18:47+00:00,FECC,120L,Sibiu,Romania,Strada Simion Bărnuțiu 1,1,46.1660397,24.3549643
SB-25-SOM,2024-10-15 11:19:16+00:00,F3G5,120L,Sibiu,Romania,Strada Simion Bărnuțiu 2 A,1,46.1654889,24.3553253
SB-25-SOM,2024-10-15 11:19:56+00:00,K6LO3M,240L,Sibiu,Romania,Simion Bărnuțiu 1 A,1,45.8062665,24.142747
SB-30-SOM,2024-10-15 04:11:03+00:00,FJIP,120L,Sibiu,Romania,Strada Ștefan cel Mare 31 B,2,45.7896649,24.178675
SB-30-SOM,2024-10-15 04:12:08+00:00,755E,120L,Sibiu,Romania,Strada Ștefan cel Mare 35,2,45.7905019,24.1595291
SB-30-SOM,2024-10-15 04:14:15+00:00,3FHA,120L,Sibiu,Romania,Strasa Fratii Grahi 6,2,,
SB-30-SOM,2024-10-15 04:14:19+00:00,YCYR,120L,Sibiu,Romania,Strada Ștefan cel Mare 41,2,45.7904304,24.1603259
SB-30-SOM,2024-10-15 04:15:28+00:00,SVPU,120L,Sibiu,Romania,Strada Ștefan cel Mare 20,2,45.7901813,24.1610923
SB-30-SOM,2024-10-15 04:17:19+00:00,FHT5,120L,Sibiu,Romania,Strada Ștefan cel Mare 43,2,45.7903481,24.161846
SB-30-SOM,2024-10-15 04:17:25+00:00,NT3JGZ,240L,Sibiu,Romania,Strada Ștefan cel Mare 28,2,45.7900155,24.1618668
SB-30-SOM,2024-10-15 04:18:25+00:00,V6CE,120L,Sibiu,Romania,Strada Ștefan cel Mare 45,2,45.7903515,24.1624354
SB-30-SOM,2024-10-15 04:19:17+00:00,GG4D,120L,Sibiu,Romania,Strada Ștefan cel Mare 38,2,45.789997,24.1628207
SB-30-SOM,2024-10-15 04:19:53+00:00,FKVO,120L,Sibiu,Romania,Strada Ștefan cel Mare 45 B,2,45.7894789,24.1782807
SB-30-SOM,2024-10-15 04:21:21+00:00,FI2S,120L,Sibiu,Romania,Strada Ștefan cel Mare 48,2,46.1503404,24.3375248
SB-30-SOM,2024-10-15 04:32:45+00:00,3QIZ,120L,Sibiu,Romania,Strada Ștefan cel Mare 56,2,45.7898168,24.1649494
SB-30-SOM,2024-10-15 04:33:43+00:00,C5IKLT,120L,Sibiu,Romania,Strada Ștefan cel Mare 60,2,45.7896959,24.1657584
SB-30-SOM,2024-10-15 04:34:34+00:00,YWVT,120L,Sibiu,Romania,Strada Victor Hugo 5,2,45.7891881,24.1653596
SB-30-SOM,2024-10-15 04:35:35+00:00,FDHV,240L,Sibiu,Romania,Strada Victor Hugo 9,2,45.7888982,24.1657074
SB-30-SOM,2024-10-15 04:40:28+00:00,SFGE,120L,Sibiu,Romania,Strada Ștefan cel Mare 74,2,45.7896656,24.1680278
SB-30-SOM,2024-10-15 04:41:17+00:00,KPX2,120L,Sibiu,Romania,Strada Ștefan cel Mare 80,2,45.7896271,24.1686875
SB-30-SOM,2024-10-15 04:41:24+00:00,73OH,120L,Sibiu,Romania,Strada Ștefan cel Mare 82,2,45.7893711,24.1744014
SB-30-SOM,2024-10-15 04:42:16+00:00,PFO5,120L,Sibiu,Romania,Strada Ștefan cel Mare 86,2,45.7895886,24.1692996
SB-30-SOM,2024-10-15 04:45:32+00:00,NLVP,120L,Sibiu,Romania,Strada Ștefan cel Mare 112,2,45.7892983,24.1732508
SB-30-SOM,2024-10-15 04:45:35+00:00,6GCFNF,120L,Sibiu,Romania,Strada Ștefan cel Mare 112,2,45.7892983,24.1732508
SB-30-SOM,2024-10-15 04:46:57+00:00,SREA,120L,Sibiu,Romania,Strada Ștefan cel Mare 120,2,45.7892819,24.173942
SB-30-SOM,2024-10-15 04:55:25+00:00,FFEGF2,120L,Sibiu,Romania,Strada Triajului 16,2,45.7717678,24.1860797
SB-30-SOM,2024-10-15 04:57:55+00:00,GA42ZD,240L,Sibiu,Romania,Strada Ștefan cel Mare 193,2,45.7893038,24.1890278
SB-30-SOM,2024-10-15 05:05:05+00:00,CD52,120L,Sibiu,Romania,"Strada Ștefan cel Mare secprol, Nr. (), Nedefinită, Sibiu",2,,
SB-30-SOM,2024-10-15 05:05:46+00:00,CCR5,120L,Sibiu,Romania,"Strada Ștefan cel Mare secprol, Nr. (), Nedefinită, Sibiu",2,,
SB-30-SOM,2024-10-15 05:07:16+00:00,QFJ3V5,120L,Sibiu,Romania,Strada Ștefan cel Mare 191,2,45.7893711,24.1744014
SB-30-SOM,2024-10-15 05:08:11+00:00,JHNZBA,120L,Sibiu,Romania,Strada Ludos 5,2,45.7680007,24.1286894
SB-30-SOM,2024-10-15 05:11:15+00:00,VNTZOL,1.100L,Sibiu,Romania,Strada Ștefan cel Mare 152,2,45.7893711,24.1744014
SB-30-SOM,2024-10-15 05:18:28+00:00,VJAJJ3,1.100L,Sibiu,Romania,Strada Ștefan cel Mare 150,2,45.7885869,24.1764036
SB-30-SOM,2024-10-15 05:20:44+00:00,BLANMG,120L,Sibiu,Romania,Strada Ștefan cel Mare 193,2,45.7893038,24.1890278
SB-30-SOM,2024-10-15 05:22:22+00:00,GPB5EF,240L,Sibiu,Romania,Strada Ștefan cel Mare 193,2,45.7893038,24.1890278
SB-30-SOM,2024-10-15 05:25:44+00:00,GEUSVG,120L,Sibiu,Romania,Strada Rampa Ștefan cel Mare 152,2,,
SB-30-SOM,2024-10-15 05:30:29+00:00,JQ7I,120L,Sibiu,Romania,Strada Ștefan cel Mare 199,2,45.7893711,24.1744014
SB-30-SOM,2024-10-15 05:31:22+00:00,AETM2M,120L,Sibiu,Romania,Strada Ștefan cel Mare 152,2,45.7893711,24.1744014
SB-30-SOM,2024-10-15 05:33:09+00:00,TKPOGB,120L,Sibiu,Romania,Strada Ștefan cel Mare 152,2,45.7893711,24.1744014
SB-30-SOM,2024-10-15 05:45:59+00:00,X5LVA3,120L,Sibiu,Romania,Strada Ștefan cel Mare 169,2,45.7893711,24.1744014
SB-30-SOM,2024-10-15 05:54:11+00:00,KZ5MXH,120L,Sibiu,Romania,Strada Ștefan cel Mare 193B,2,45.7893711,24.1744014
SB-30-SOM,2024-10-15 06:32:13+00:00,BUF4AK,120L,Sibiu,Romania,Strada Ștefan cel Mare 152,2,45.7893711,24.1744014
SB-30-SOM,2024-10-15 06:33:23+00:00,GWASFK,120L,Sibiu,Romania,Strada Ștefan cel Mare 152-154,2,45.7893711,24.1744014
SB-30-SOM,2024-10-15 06:36:05+00:00,VMOKD2,1.100L,Sibiu,Romania,Strada Ștefan cel Mare 152,2,45.7893711,24.1744014
SB-30-SOM,2024-10-15 06:39:11+00:00,AKGA,120L,Sibiu,Romania,Strada Caprelor 2,2,45.7891374,24.1843078
SB-30-SOM,2024-10-15 06:41:34+00:00,EA3A,120L,Sibiu,Romania,Strada Ștefan cel Mare 147,2,45.788726,24.1833793
SB-30-SOM,2024-10-15 06:50:39+00:00,ZBQW67,120L,Sibiu,Romania,Strada Ștefan cel Mare 147,2,45.788726,24.1833793
SB-30-SOM,2024-10-15 06:54:16+00:00,XKR4,120L,Sibiu,Romania,Strada Ștefan cel Mare 137 B,2,45.7893711,24.1744014
SB-30-SOM,2024-10-15 06:56:06+00:00,IIJR,120L,Sibiu,Romania,Strada Ștefan cel Mare 137 B,2,45.7893711,24.1744014
SB-30-SOM,2024-10-15 07:06:51+00:00,TSFP,120L,Sibiu,Romania,Strada Ștefan cel Mare 127,2,45.7895323,24.1739042
SB-30-SOM,2024-10-15 07:07:01+00:00,TXASO3,120L,Sibiu,Romania,Strada Ștefan cel Mare 125,2,45.7895541,24.1737722
SB-30-SOM,2024-10-15 07:08:36+00:00,X2NJ,120L,Sibiu,Romania,Strada Ștefan cel Mare 128,2,45.7891885,24.1745593
SB-30-SOM,2024-10-15 07:08:53+00:00,YHSC,120L,Sibiu,Romania,Strada Ștefan cel Mare 135,2,45.7895183,24.1744876
SB-30-SOM,2024-10-15 07:09:12+00:00,F7J4,120L,Sibiu,Romania,Strada Ștefan cel Mare 126 A,2,45.7894789,24.1782807
SB-30-SOM,2024-10-15 07:10:45+00:00,LD6EBW,120L,Sibiu,Romania,Strada Pacii 2,2,46.1599316,24.3537723
SB-30-SOM,2024-10-15 07:10:47+00:00,FU5H,120L,Sibiu,Romania,Strada Pacii 4,2,46.1598011,24.3536884
SB-30-SOM,2024-10-15 07:11:20+00:00,GODE,120L,Sibiu,Romania,Strada Pacii 4,2,46.1598011,24.3536884
SB-30-SOM,2024-10-15 07:12:03+00:00,F64N,120L,Sibiu,Romania,Strada Ștefan cel Mare 137,2,45.7894648,24.1750976
SB-30-SOM,2024-10-15 07:13:20+00:00,RRX4RQ,120L,Sibiu,Romania,Strada Rampa Ștefan cel Mare 1,2,,
SB-30-SOM,2024-10-15 07:13:54+00:00,54YS,120L,Sibiu,Romania,Strada Ștefan cel Mare 1,2,45.7898874,24.1533586
SB-30-SOM,2024-10-15 07:14:32+00:00,227VKI,120L,Sibiu,Romania,Strada Rampa Ștefan cel Mare 5,2,,
SB-30-SOM,2024-10-15 07:15:08+00:00,F376,120L,Sibiu,Romania,Strada Rampa Ștefan cel Mare 8,2,,
SB-30-SOM,2024-10-15 07:15:24+00:00,3X5QFQ,120L,Sibiu,Romania,Strada Rampa Ștefan cel Mare 8,2,,
SB-30-SOM,2024-10-15 07:15:26+00:00,3SWQ2K,120L,Sibiu,Romania,Strada Semaforului 2,2,45.7835528,24.1697854
SB-30-SOM,2024-10-15 07:16:32+00:00,EXYR,120L,Sibiu,Romania,Strada Rampa Ștefan cel Mare 10,2,,
SB-30-SOM,2024-10-15 07:18:26+00:00,JGB3U2,1.100L,Sibiu,Romania,Strada Rampa Ștefan cel Mare FN,2,,
SB-30-SOM,2024-10-15 07:23:42+00:00,ECGQHK,240L,Sibiu,Romania,Strada Ștefan cel Mare 74,2,45.7896656,24.1680278
SB-30-SOM,2024-10-15 07:32:42+00:00,57CM,120L,Sibiu,Romania,Strada Ștefan cel Mare 119 A,2,45.7895692,24.1734044
SB-30-SOM,2024-10-15 07:33:42+00:00,DKB6,120L,Sibiu,Romania,Strada Ștefan cel Mare 111,2,45.7896328,24.1724971
SB-30-SOM,2024-10-15 07:35:05+00:00,GQCD,120L,Sibiu,Romania,Strada Ștefan cel Mare 99,2,45.7893711,24.1744014
SB-30-SOM,2024-10-15 07:35:06+00:00,BWSI,120L,Sibiu,Romania,Strada Ștefan cel Mare 99,2,45.7893711,24.1744014
SB-30-SOM,2024-10-15 07:35:51+00:00,IEIH,120L,Sibiu,Romania,Strada Ștefan cel Mare 93,2,45.7897594,24.1707299
SB-30-SOM,2024-10-15 07:38:22+00:00,VHIH,120L,Sibiu,Romania,Strada Ștefan cel Mare 77,2,45.7899014,24.1684336
SB-30-SOM,2024-10-15 07:38:57+00:00,EMLY,120L,Sibiu,Romania,Strada Ștefan cel Mare 75,2,45.7899298,24.1682483
SB-30-SOM,2024-10-15 07:39:01+00:00,EP3I,120L,Sibiu,Romania,Strada Ștefan cel Mare 75 B,2,45.7896649,24.178675
SB-30-SOM,2024-10-15 07:39:49+00:00,CODXPK,120L,Sibiu,Romania,Strada Ștefan cel Mare 73,2,45.7899248,24.1680416
SB-30-SOM,2024-10-15 07:41:45+00:00,AUAARV,240L,Sibiu,Romania,Strada Ștefan cel Mare 57 A,2,45.7893711,24.1744014
SB-30-SOM,2024-10-15 07:41:46+00:00,5NWM,120L,Sibiu,Romania,Strada Ștefan cel Mare 59,2,45.7900077,24.1666504
SB-30-SOM,2024-10-15 07:42:24+00:00,H43MHV,120L,Sibiu,Romania,Strada Ștefan cel Mare 55,2,45.7900349,24.1662325
SB-30-SOM,2024-10-15 07:44:30+00:00,62BG,120L,Sibiu,Romania,Strada Balea 37,2,45.7908375,24.163849
SB-30-SOM,2024-10-15 07:44:52+00:00,7PMF,120L,Sibiu,Romania,Strada Diaconul Coresi 2,2,,
SB-30-SOM,2024-10-15 07:45:21+00:00,4PS6,120L,Sibiu,Romania,Strada Diaconul Coresi 2 C,2,,
SB-30-SOM,2024-10-15 07:45:28+00:00,K6XJ,120L,Sibiu,Romania,Strada Diaconul Coresi 3,2,,
SB-30-SOM,2024-10-15 07:45:56+00:00,N2M7,120L,Sibiu,Romania,Strada Diaconul Coresi 4,2,,
SB-30-SOM,2024-10-15 07:46:33+00:00,EFTB,120L,Sibiu,Romania,Strada Axente Sever 37,2,45.7913281,24.1649137
SB-30-SOM,2024-10-15 07:50:38+00:00,CF3L,120L,Sibiu,Romania,Strada Balea 35,2,45.7910074,24.1636668
SB-30-SOM,2024-10-15 07:51:02+00:00,QJNV,120L,Sibiu,Romania,Strada Balea 33,2,45.7911166,24.1635244
SB-30-SOM,2024-10-15 07:52:39+00:00,5XXV2R,120L,Sibiu,Romania,Strada Balea 25,2,45.7917207,24.1629188
SB-30-SOM,2024-10-15 07:54:05+00:00,UQOC,120L,Sibiu,Romania,Strada Balea 19,2,45.7921884,24.162445
SB-30-SOM,2024-10-15 07:56:40+00:00,XI3J,120L,Sibiu,Romania,Strada Balea 11,2,45.7926588,24.161723
SB-30-SOM,2024-10-15 07:57:21+00:00,BPKS,120L,Sibiu,Romania,Strada Balea 7,2,45.7929568,24.1614391
SB-30-SOM,2024-10-15 07:58:02+00:00,ZJBL,120L,Sibiu,Romania,Strada Balea 7,2,45.7929568,24.1614391
SB-30-SOM,2024-10-15 07:58:37+00:00,PZWGRR,120L,Sibiu,Romania,Strada Balea 3,2,45.7931761,24.1611357
SB-30-SOM,2024-10-15 08:02:40+00:00,BVG5KV,1.100L,Sibiu,Romania,Strada Bâlea 8,2,45.7315472,24.3858374
SB-30-SOM,2024-10-15 08:04:28+00:00,EEB7,120L,Sibiu,Romania,Strada Balea 12,2,45.7916996,24.1623549
SB-30-SOM,2024-10-15 08:05:36+00:00,5KKL,120L,Sibiu,Romania,Strada Spartacus 13,2,45.7908255,24.162386
SB-30-SOM,2024-10-15 08:06:04+00:00,AQRN,120L,Sibiu,Romania,Strada Spartacus 13 A,2,45.7908255,24.162386
SB-30-SOM,2024-10-15 08:06:43+00:00,6NINN2,120L,Sibiu,Romania,Strada Spartacus 15,2,45.7908255,24.162386
SB-30-SOM,2024-10-15 08:09:43+00:00,4GKMDN,120L,Sibiu,Romania,Strada Balea 2,2,45.7314042,24.3854922
SB-30-SOM,2024-10-15 08:10:28+00:00,GKP3,120L,Sibiu,Romania,Strada Constantin Noica 2,2,45.7898783,24.1525323
SB-30-SOM,2024-10-15 08:10:30+00:00,QGSO,120L,Sibiu,Romania,Strada Constantin Noica 2,2,45.7898783,24.1525323
SB-30-SOM,2024-10-15 08:11:08+00:00,UTY5,120L,Sibiu,Romania,Strada Constantin Noica 3,2,45.7929869,24.1596219
SB-30-SOM,2024-10-15 08:12:24+00:00,4IPOVU,120L,Sibiu,Romania,Strada Constantin Noica 8,2,45.792954,24.1583762
SB-30-SOM,2024-10-15 08:13:01+00:00,VVM3,120L,Sibiu,Romania,Strada Constantin Noica 10,2,45.793052,24.1582045
SB-30-SOM,2024-10-15 08:14:05+00:00,JLEN,120L,Sibiu,Romania,Strada Constantin Noica 11,2,45.792954,24.1583762
SB-30-SOM,2024-10-15 08:15:15+00:00,DX5X,120L,Sibiu,Romania,Strada Vartopu 6,2,45.7930406,24.1573881
SB-30-SOM,2024-10-15 08:15:25+00:00,DXZE,120L,Sibiu,Romania,Strada Vartopu 1,2,45.7931196,24.1578373
SB-30-SOM,2024-10-15 08:16:24+00:00,PHLC,120L,Sibiu,Romania,Strada Constantin Noica 12,2,45.7911545,24.1545368
SB-30-SOM,2024-10-15 08:18:22+00:00,QMRW,240L,Sibiu,Romania,Strada Constantin Noica 20 A,2,45.792954,24.1583762
SB-30-SOM,2024-10-15 08:19:17+00:00,FU57,120L,Sibiu,Romania,Strada Constantin Noica 23,2,45.7921438,24.1570456
SB-30-SOM,2024-10-15 08:19:33+00:00,7VIZ,120L,Sibiu,Romania,Strada Constantin Noica 18,2,45.792954,24.1583762
SB-30-SOM,2024-10-15 08:19:58+00:00,D7IW,120L,Sibiu,Romania,Strada Constantin Noica 16,2,45.792513,24.1570024
SB-30-SOM,2024-10-15 08:20:02+00:00,HV4N,120L,Sibiu,Romania,Strada Constantin Noica 16,2,45.792513,24.1570024
SB-30-SOM,2024-10-15 08:21:39+00:00,EELK,240L,Sibiu,Romania,Strada Constantin Noica 20,2,45.7921365,24.1559908
SB-30-SOM,2024-10-15 08:22:17+00:00,X6RI,240L,Sibiu,Romania,Strada Constantin Noica 20,2,45.7921365,24.1559908
SB-30-SOM,2024-10-15 08:23:15+00:00,VQ2Y,240L,Sibiu,Romania,Strada Constantin Noica 20,2,45.7921365,24.1559908
SB-30-SOM,2024-10-15 08:23:44+00:00,Q3R2,120L,Sibiu,Romania,Strada Constantin Noica 25,2,45.7916835,24.1563665
SB-30-SOM,2024-10-15 08:23:49+00:00,GLL3,120L,Sibiu,Romania,Strada Constantin Noica 25,2,45.7916835,24.1563665
SB-30-SOM,2024-10-15 08:25:06+00:00,DQ7X,120L,Sibiu,Romania,Strada Constantin Noica 22 A,2,45.792954,24.1583762
SB-30-SOM,2024-10-15 08:25:27+00:00,KZ5DQA,120L,Sibiu,Romania,Strada Constantin Noica 25 A,2,45.791603,24.1560033
SB-30-SOM,2024-10-15 08:25:30+00:00,E5JX,120L,Sibiu,Romania,Strada Constantin Noica 29,2,45.792954,24.1583762
SB-30-SOM,2024-10-15 08:26:35+00:00,FZFR2E,120L,Sibiu,Romania,Strada Constantin Noica 26,2,45.7916493,24.155193
SB-30-SOM,2024-10-15 08:27:27+00:00,DFFQ,120L,Sibiu,Romania,Strada Constantin Noica 33 A,2,45.7902294,24.1525788
SB-30-SOM,2024-10-15 08:27:53+00:00,XSDX,120L,Sibiu,Romania,Strada Constantin Noica 33,2,45.7912566,24.1555337
SB-30-SOM,2024-10-15 08:28:03+00:00,DDMJ,120L,Sibiu,Romania,Strada Constantin Noica 33 C,2,45.7912566,24.1555337
SB-30-SOM,2024-10-15 08:29:51+00:00,KOT4,120L,Sibiu,Romania,Strada Constantin Noica 33 C,2,45.7912566,24.1555337
SB-30-SOM,2024-10-15 08:29:54+00:00,MG73,120L,Sibiu,Romania,Strada Constantin Noica 37,2,45.7911865,24.1551256
SB-30-SOM,2024-10-15 08:30:25+00:00,GCGR,120L,Sibiu,Romania,Strada Constantin Noica 39,2,45.7910336,24.1549391
SB-30-SOM,2024-10-15 08:31:14+00:00,D4FX,120L,Sibiu,Romania,Strada Constantin Noica 43,2,45.7908163,24.1543192
SB-30-SOM,2024-10-15 08:31:46+00:00,V7GD,120L,Sibiu,Romania,Strada Constantin Noica 36,2,45.7912766,24.154236
SB-30-SOM,2024-10-15 08:32:22+00:00,LTYP,120L,Sibiu,Romania,Strada Constantin Noica 43 A,2,45.792954,24.1583762
SB-30-SOM,2024-10-15 08:32:24+00:00,EJU3,120L,Sibiu,Romania,Strada Constantin Noica 45,2,45.7906914,24.1540931
SB-30-SOM,2024-10-15 08:33:09+00:00,VT3W,120L,Sibiu,Romania,Strada Constantin Noica 47,2,45.7906026,24.1539051
SB-30-SOM,2024-10-15 08:33:24+00:00,T7XK,120L,Sibiu,Romania,Strada Constantin Noica 42,2,45.7908534,24.153346
SB-30-SOM,2024-10-15 08:34:12+00:00,NAV7,120L,Sibiu,Romania,Strada Constantin Noica 44 A,2,45.7902294,24.1525788
SB-30-SOM,2024-10-15 08:34:14+00:00,LSZK,120L,Sibiu,Romania,Strada Constantin Noica 44,2,45.7907251,24.1530677
SB-30-SOM,2024-10-15 08:34:37+00:00,ZCAOHD,120L,Sibiu,Romania,Strada Revoluției 1,2,45.7899776,24.153085
SB-30-SOM,2024-10-15 08:35:54+00:00,3ROR,120L,Sibiu,Romania,Strada Constantin Noica 53,2,45.7902361,24.1528671
SB-30-SOM,2024-10-15 08:36:36+00:00,GGJR,120L,Sibiu,Romania,Strada Constantin Noica 48,2,45.792954,24.1583762
SB-30-SOM,2024-10-15 08:37:24+00:00,DHVY,120L,Sibiu,Romania,Strada Berăriei 13,2,45.7905882,24.1523761
SB-30-SOM,2024-10-15 08:38:16+00:00,Z3Q6ZS,120L,Sibiu,Romania,Strada Dobrun 10,2,45.7906816,24.1521038
SB-30-SOM,2024-10-15 08:38:47+00:00,L7HU,120L,Sibiu,Romania,Strada Revoluției 5,2,45.789198,24.1557738
SB-30-SOM,2024-10-15 08:39:50+00:00,I5QG,120L,Sibiu,Romania,Strada Dobrun 8 A,2,45.7906136,24.1519688
SB-30-SOM,2024-10-15 08:40:22+00:00,FUQBCW,120L,Sibiu,Romania,Strada Dobrun 4,2,45.7903471,24.1514874
SB-30-SOM,2024-10-15 08:41:01+00:00,D3OBAA,240L,Sibiu,Romania,Strada Constantin Noica 60,2,45.7899704,24.1511472
SB-30-SOM,2024-10-15 08:43:54+00:00,GPBCWR,120L,Sibiu,Romania,Strada Piața Unirii 4,2,,
SB-30-SOM,2024-10-15 08:44:04+00:00,3V624D,120L,Sibiu,Romania,Strada Piața Unirii 4,2,,
SB-30-SOM,2024-10-15 08:52:10+00:00,UYY7,120L,Sibiu,Romania,Strada Constantin Noica 54,2,45.7901407,24.1516523
SB-30-SOM,2024-10-15 08:52:15+00:00,XSW3,120L,Sibiu,Romania,Strada Constantin Noica 54,2,45.7901407,24.1516523
SB-30-SOM,2024-10-15 08:52:27+00:00,KPWA,120L,Sibiu,Romania,Strada Constantin Noica 54,2,45.7901407,24.1516523
SB-30-SOM,2024-10-15 08:52:32+00:00,FA6J,120L,Sibiu,Romania,Strada Constantin Noica 54,2,45.7901407,24.1516523
SB-30-SOM,2024-10-15 08:53:13+00:00,GLGN,120L,Sibiu,Romania,Strada Constantin Noica 48,2,45.792954,24.1583762
SB-30-SOM,2024-10-15 08:54:40+00:00,QQAP,120L,Sibiu,Romania,Strada Ștefan cel Mare 3,2,45.7900074,24.1535937
SB-30-SOM,2024-10-15 08:54:47+00:00,G7FJ,120L,Sibiu,Romania,Strada Ștefan cel Mare 3 B,2,45.7893711,24.1744014
SB-30-SOM,2024-10-15 08:55:31+00:00,N67S,120L,Sibiu,Romania,Strada Ștefan cel Mare 7,2,45.7902093,24.1541273
SB-30-SOM,2024-10-15 08:55:32+00:00,G5QV,120L,Sibiu,Romania,Strada Ștefan cel Mare 7 A,2,45.7894789,24.1782807
SB-30-SOM,2024-10-15 08:55:49+00:00,G3LE,120L,Sibiu,Romania,Strada Ștefan cel Mare 7 C,2,45.7902093,24.1541273
SB-30-SOM,2024-10-15 08:55:54+00:00,G2YI,120L,Sibiu,Romania,Strada Ștefan cel Mare 7 D,2,45.7893711,24.1744014
SB-30-SOM,2024-10-15 08:56:09+00:00,G2MC,120L,Sibiu,Romania,Strada Ștefan cel Mare 7 E,2,45.7893711,24.1744014
SB-30-SOM,2024-10-15 08:56:51+00:00,6W7P,120L,Sibiu,Romania,Strada Ștefan cel Mare 11,2,45.7902377,24.1546986
SB-30-SOM,2024-10-15 08:57:30+00:00,FYQD,120L,Sibiu,Romania,Strada Ștefan cel Mare 13 A,2,45.7896649,24.178675
SB-30-SOM,2024-10-15 08:57:32+00:00,5X5M,120L,Sibiu,Romania,Strada Ștefan cel Mare 15,2,45.7903928,24.1551959
SB-30-SOM,2024-10-15 08:57:46+00:00,65WS,120L,Sibiu,Romania,Strada Ștefan cel Mare 15,2,45.7903928,24.1551959
SB-30-SOM,2024-10-15 08:58:17+00:00,5ZYU,120L,Sibiu,Romania,Strada Ștefan cel Mare 15,2,45.7903928,24.1551959
SB-30-SOM,2024-10-15 08:58:30+00:00,FXZW,120L,Sibiu,Romania,Strada Ștefan cel Mare 17 A,2,45.7904315,24.1555818
SB-30-SOM,2024-10-15 08:58:58+00:00,FWEG,120L,Sibiu,Romania,Strada Ștefan cel Mare 17 C,2,45.7894789,24.1782807
SB-30-SOM,2024-10-15 08:58:59+00:00,FYNH,120L,Sibiu,Romania,Strada Ștefan cel Mare 17 B,2,45.7893711,24.1744014
SB-30-SOM,2024-10-15 09:00:23+00:00,CCPU,120L,Sibiu,Romania,Strada Ștefan cel Mare 21,2,45.7905615,24.1561625
SB-30-SOM,2024-10-15 09:00:52+00:00,FRNB,120L,Sibiu,Romania,Strada Ștefan cel Mare 25 B,2,45.789961,24.1652202
SB-30-SOM,2024-10-15 09:00:56+00:00,FT7Y,120L,Sibiu,Romania,Strada Ștefan cel Mare 25 A,2,45.7893711,24.1744014
SB-30-SOM,2024-10-15 09:01:31+00:00,AW4G,120L,Sibiu,Romania,Strada Ștefan cel Mare 23,2,45.789961,24.1652202
SB-30-SOM,2024-10-15 09:01:34+00:00,NZQI,120L,Sibiu,Romania,Strada Ștefan cel Mare 25,2,45.789961,24.1652202
SB-30-SOM,2024-10-15 09:02:31+00:00,CKFH5G,120L,Sibiu,Romania,Strada Ștefan cel Mare 25,2,45.789961,24.1652202
SB-30-SOM,2024-10-15 09:02:33+00:00,TEIH26,120L,Sibiu,Romania,Strada Ștefan cel Mare 25,2,45.789961,24.1652202
SB-30-SOM,2024-10-15 09:03:00+00:00,FPAB,120L,Sibiu,Romania,Strada Ștefan cel Mare 27 A,2,45.7893711,24.1744014
SB-30-SOM,2024-10-15 09:03:29+00:00,AFPX,120L,Sibiu,Romania,Strada Ștefan cel Mare 4,2,46.1525491,24.3348913
SB-30-SOM,2024-10-15 09:03:31+00:00,FOII,120L,Sibiu,Romania,Strada Ștefan cel Mare 4 A,2,45.7893711,24.1744014
SB-30-SOM,2024-10-15 09:59:19+00:00,35GWZ3,120L,Sibiu,Romania,Strada Ștefan cel Mare FN,2,45.7893711,24.1744014
SB-30-SOM,2024-10-15 10:02:35+00:00,3JPC,120L,Sibiu,Romania,Strada Ștefan cel Mare 166,2,45.7893711,24.1744014
SB-30-SOM,2024-10-15 10:02:38+00:00,JMFE,120L,Sibiu,Romania,Strada Ștefan cel Mare 166,2,45.7893711,24.1744014
SB-30-SOM,2024-10-15 10:03:13+00:00,INLF2G,240L,Sibiu,Romania,Strada Ștefan cel Mare 166,2,45.7893711,24.1744014
SB-30-SOM,2024-10-15 10:04:04+00:00,H2TG,120L,Sibiu,Romania,Strada Ștefan cel Mare 166,2,45.7893711,24.1744014
SB-30-SOM,2024-10-15 10:04:31+00:00,6ZAW,120L,Sibiu,Romania,Strada Ștefan cel Mare 166,2,45.7893711,24.1744014
SB-30-SOM,2024-10-15 10:15:02+00:00,4QKUNQ,240L,Sibiu,Romania,Strada Ștefan cel Mare 197,2,45.7915249,24.2095096
SB-30-SOM,2024-10-15 10:18:18+00:00,EKDT,120L,Sibiu,Romania,Strada Ștefan cel Mare FARA NR,2,,
SB-30-SOM,2024-10-15 10:27:13+00:00,IAUD,120L,Sibiu,Romania,Strada Ștefan cel Mare 197 A,2,45.7915249,24.2095096
SB-30-SOM,2024-10-15 10:43:55+00:00,R4WTEU,120L,Sibiu,Romania,Strada Ștefan cel Mare 152,2,45.7893711,24.1744014
SB-30-SOM,2024-10-15 10:54:12+00:00,NMLTD3,120L,Sibiu,Romania,Strada Ștefan cel Mare 30,2,45.789862,24.1620462
SB-30-SOM,2024-10-15 11:03:54+00:00,G5FQOZ,120L,Sibiu,Romania,Strada Ștefan cel Mare 154,2,45.7893711,24.1744014
SB-30-SOM,2024-10-15 11:07:51+00:00,5WP3P7,120L,Sibiu,Romania,Strada Ștefan cel Mare 154,2,45.7893711,24.1744014
SB-30-SOM,2024-10-15 11:09:33+00:00,TSPC,120L,Sibiu,Romania,Strada Ștefan cel Mare 154,2,45.7893711,24.1744014
SB-30-SOM,2024-10-15 11:14:18+00:00,7KPVEF,1.100L,Sibiu,Romania,Strada Ștefan cel Mare 156 A,2,45.7893711,24.1744014
SB-30-SOM,2024-10-15 11:15:30+00:00,2XBH6X,1.100L,Sibiu,Romania,Strada Ștefan cel Mare 156 A,2,45.7893711,24.1744014
SB-30-SOM,2024-10-15 11:16:21+00:00,KAN4FM,1.100L,Sibiu,Romania,Strada Ștefan cel Mare 156 A,2,45.7893711,24.1744014
SB-30-SOM,2024-10-15 11:17:48+00:00,SUQIZF,1.100L,Sibiu,Romania,Strada Ștefan cel Mare 156 A,2,45.7893711,24.1744014
SB-30-SOM,2024-10-15 11:35:09+00:00,OTBUCR,1.100L,Sibiu,Romania,Strada Ștefan cel Mare 156,2,45.7832502,24.1931793
SB-30-SOM,2024-10-15 11:35:44+00:00,J5ZR2S,1.100L,Sibiu,Romania,Strada Ștefan cel Mare 156,2,45.7832502,24.1931793
SB-30-SOM,2024-10-15 11:36:48+00:00,E7LF5S,1.100L,Sibiu,Romania,Strada Ștefan cel Mare 156,2,45.7832502,24.1931793
SB-30-SOM,2024-10-15 11:47:44+00:00,HZIOKD,120L,Sibiu,Romania,Strada Semaforului BL 15,2,45.7835528,24.1697854
SB-30-SOM,2024-10-15 11:49:55+00:00,R2STNH,120L,Sibiu,Romania,Strada Oncesti 10,2,45.7818363,24.1687033
SB-30-SOM,2024-10-15 11:50:44+00:00,ZOTG,120L,Sibiu,Romania,Strada Oncesti 5,2,45.7817688,24.1681622
SB-30-SOM,2024-10-15 11:51:05+00:00,6OLS,120L,Sibiu,Romania,Strada Oncesti 3,2,45.7817165,24.1679773
SB-30-SOM,2024-10-15 11:51:47+00:00,RYBY,120L,Sibiu,Romania,Strada Oncesti 1,2,45.7816892,24.1677535
SB-30-SOM,2024-10-15 11:53:24+00:00,QUMGAG,1.100L,Sibiu,Romania,Strada Semaforului 2,2,45.7835528,24.1697854
SB-30-SOM,2024-10-15 11:54:54+00:00,LGKG,120L,Sibiu,Romania,Strada Semaforului 4,2,45.7820397,24.1675347
SB-30-SOM,2024-10-15 11:57:30+00:00,PINFYG,120L,Sibiu,Romania,Strada Semaforului 7,2,45.7828241,24.1680621
SB-45-SOM,2024-10-15 03:24:16+00:00,OWQY,120L,Sibiu,Romania,Strada Avram Iancu 12 A,3,45.7982213,24.1535735
SB-45-SOM,2024-10-15 03:25:27+00:00,OYQE,120L,Sibiu,Romania,Strada Avram Iancu 13 A,3,45.7982213,24.1535735
SB-45-SOM,2024-10-15 03:25:30+00:00,OYZ4,120L,Sibiu,Romania,Strada Avram Iancu 13 A,3,45.7982213,24.1535735
SB-45-SOM,2024-10-15 03:25:35+00:00,6B5I,120L,Sibiu,Romania,Strada Avram Iancu 13,3,45.7984593,24.1534907
SB-45-SOM,2024-10-15 03:26:26+00:00,Y6KM,120L,Sibiu,Romania,Strada Avram Iancu 10,3,45.7978519,24.1535334
SB-45-SOM,2024-10-15 03:27:24+00:00,PAED,120L,Sibiu,Romania,Strada Avram Iancu 9 B,3,46.1394949,24.5235343
SB-45-SOM,2024-10-15 03:27:27+00:00,PAFF,120L,Sibiu,Romania,Strada Avram Iancu 9 A,3,45.7982213,24.1535735
SB-45-SOM,2024-10-15 03:27:53+00:00,PABD,120L,Sibiu,Romania,Strada Avram Iancu 9 C,3,45.7984221,24.152784
SB-45-SOM,2024-10-15 03:27:56+00:00,6VNM,120L,Sibiu,Romania,Strada Avram Iancu 9,3,45.7984221,24.152784
SB-45-SOM,2024-10-15 03:28:44+00:00,73FS,120L,Sibiu,Romania,Strada Avram Iancu 7,3,45.7983579,24.152585
SB-45-SOM,2024-10-15 03:28:57+00:00,FQWK,120L,Sibiu,Romania,Strada Avram Iancu 8,3,45.7977831,24.1532998
SB-45-SOM,2024-10-15 03:29:02+00:00,PBTE,120L,Sibiu,Romania,Strada Avram Iancu 8,3,45.7977831,24.1532998
SB-45-SOM,2024-10-15 03:29:42+00:00,DNFC,120L,Sibiu,Romania,Strada Avram Iancu 5,3,45.7980458,24.1526052
SB-45-SOM,2024-10-15 03:29:54+00:00,632O,120L,Sibiu,Romania,Strada Avram Iancu 5,3,45.7980458,24.1526052
SB-45-SOM,2024-10-15 03:29:58+00:00,6EFC,120L,Sibiu,Romania,Strada Avram Iancu 6,3,45.7976769,24.1529228
SB-45-SOM,2024-10-15 03:31:07+00:00,O7HX,120L,Sibiu,Romania,Piața Mare (),3,45.7967771,24.1518256
SB-45-SOM,2024-10-15 03:31:11+00:00,GFIUQ4,120L,Sibiu,Romania,Strada Avram Iancu 1,3,46.1607296,24.3557714
SB-45-SOM,2024-10-15 03:33:37+00:00,GSIDPB,240L,Sibiu,Romania,Piața Mare 16,3,45.7971993,24.1525212
SB-45-SOM,2024-10-15 03:34:28+00:00,EF55AH,1.100L,Sibiu,Romania,Piața Mare 16,3,45.7971993,24.1525212
SB-45-SOM,2024-10-15 03:35:34+00:00,F4OF6F,240L,Sibiu,Romania,Piața Mare 14,3,45.7969654,24.1526428
SB-45-SOM,2024-10-15 03:35:37+00:00,FHKIOX,240L,Sibiu,Romania,Piața Mare 14,3,45.7969654,24.1526428
SB-45-SOM,2024-10-15 03:38:12+00:00,ALEZ,240L,Sibiu,Romania,Strada G-ral Gheorghe Magheru 1,3,,
SB-45-SOM,2024-10-15 03:38:42+00:00,OREE,120L,Sibiu,Romania,Strada G-ral Gheorghe Magheru 4,3,,
SB-45-SOM,2024-10-15 03:39:16+00:00,CKBYOO,120L,Sibiu,Romania,Strada G-ral Gheorghe Magheru 2,3,,
SB-45-SOM,2024-10-15 03:39:19+00:00,W4NG,120L,Sibiu,Romania,Piața Mare 10,3,45.7960274,24.1527193
SB-45-SOM,2024-10-15 03:40:31+00:00,R7EWOS,240L,Sibiu,Romania,Piata mare 10,3,45.7960274,24.1527193
SB-45-SOM,2024-10-15 03:41:39+00:00,GWMTJB,240L,Sibiu,Romania,piața mare 11,3,45.7961773,24.1526508
SB-45-SOM,2024-10-15 03:42:31+00:00,JEZC,120L,Sibiu,Romania,Piața Mare 9 C,3,45.7959664,24.1524966
SB-45-SOM,2024-10-15 03:47:40+00:00,UUJUCY,1.100L,Sibiu,Romania,Strada Arhivelor 1,3,45.7958401,24.152083
SB-45-SOM,2024-10-15 03:48:20+00:00,YHGA,1.100L,Sibiu,Romania,Strada Arhivelor 1,3,45.7958401,24.152083
SB-45-SOM,2024-10-15 03:51:11+00:00,D4XT,240L,Sibiu,Romania,Strada Nicolae Bălcescu 1,3,45.7955925,24.1516828
SB-45-SOM,2024-10-15 03:51:17+00:00,2GHMIL,240L,Sibiu,Romania,Strada Nicolae Bălcescu 1,3,45.7955925,24.1516828
SB-45-SOM,2024-10-15 03:53:08+00:00,XMDUYK,120L,Sibiu,Romania,Strada Nicolae Bălcescu 1,3,45.7955925,24.1516828
SB-45-SOM,2024-10-15 03:53:11+00:00,CPLKJX,120L,Sibiu,Romania,Strada Nicolae Bălcescu 3,3,45.7954586,24.1515189
SB-45-SOM,2024-10-15 03:54:07+00:00,Z65N,120L,Sibiu,Romania,Strada Nicolae Bălcescu 5,3,45.7953874,24.1513102
SB-45-SOM,2024-10-15 03:54:58+00:00,4UFQ,120L,Sibiu,Romania,Strada Nicolae Bălcescu 7,3,45.7952114,24.1511044
SB-45-SOM,2024-10-15 03:55:43+00:00,J7WC7W,240L,Sibiu,Romania,Strada Nicolae Bălcescu 9,3,45.7951865,24.1510352
SB-45-SOM,2024-10-15 04:01:18+00:00,AFXGZC,1.100L,Sibiu,Romania,Strada Nicolae Bălcescu 6,3,45.7952715,24.1503918
SB-45-SOM,2024-10-15 04:03:15+00:00,5YJ5US,120L,Sibiu,Romania,Strada Alexandru Papiu Ilarian 2,3,46.1723469,24.3594364
SB-45-SOM,2024-10-15 04:03:17+00:00,7Z5OJV,120L,Sibiu,Romania,Strada Alexandru Papiu Ilarian 2,3,46.1723469,24.3594364
SB-45-SOM,2024-10-15 04:03:49+00:00,3BSO,120L,Sibiu,Romania,Strada Nicolae Bălcescu 15,3,45.6726042,24.2639281
SB-45-SOM,2024-10-15 04:05:43+00:00,JOYK,240L,Sibiu,Romania,Strada Nicolae Bălcescu 14,3,45.7946778,24.150133
SB-45-SOM,2024-10-15 04:05:48+00:00,SRWL,120L,Sibiu,Romania,Strada Nicolae Bălcescu 14,3,45.7946778,24.150133
SB-45-SOM,2024-10-15 04:06:35+00:00,GP43,240L,Sibiu,Romania,Strada Nicolae Bălcescu 17,3,45.7943247,24.1508804
SB-45-SOM,2024-10-15 04:08:22+00:00,Q7BX,120L,Sibiu,Romania,Strada Nicolae Bălcescu 20,3,45.7941953,24.1500038
SB-45-SOM,2024-10-15 04:08:26+00:00,LLYONC,240L,Sibiu,Romania,Strada Nicolae Bălcescu 20,3,45.7941953,24.1500038
SB-45-SOM,2024-10-15 04:12:51+00:00,4JT6V5,240L,Sibiu,Romania,Strada Nicolae Bălcescu 33,3,45.7936139,24.1503365
SB-45-SOM,2024-10-15 04:13:18+00:00,ICJFIE,240L,Sibiu,Romania,Strada Nicolae Bălcescu 28,3,45.7939862,24.1494805
SB-45-SOM,2024-10-15 04:15:36+00:00,AE5BTG,240L,Sibiu,Romania,Strada Nicolae Bălcescu 39,3,45.7933458,24.1501592
SB-45-SOM,2024-10-15 04:17:49+00:00,HZCYJJ,240L,Sibiu,Romania,Strada Nicolae Bălcescu 51,3,45.792881,24.1495589
SB-45-SOM,2024-10-15 04:19:25+00:00,M2F7,120L,Sibiu,Romania,Strada Nicolae Bălcescu 47 C,3,45.793069,24.1496748
SB-45-SOM,2024-10-15 04:23:44+00:00,M3VLEF,240L,Sibiu,Romania,Piața Unirii 10,3,45.7923543,24.1478304
SB-45-SOM,2024-10-15 04:23:47+00:00,ZQZCLD,240L,Sibiu,Romania,Piața Unirii 10,3,45.7923543,24.1478304
SB-45-SOM,2024-10-15 04:24:11+00:00,EWSTO2,240L,Sibiu,Romania,Strada Andrei Șaguna 4,3,45.7923372,24.1468001
SB-45-SOM,2024-10-15 04:24:26+00:00,STNZIZ,240L,Sibiu,Romania,Strada Andrei Șaguna 4,3,45.7923372,24.1468001
SB-45-SOM,2024-10-15 04:25:50+00:00,ZW62PU,240L,Sibiu,Romania,Strada Andrei Șaguna 4,3,45.7923372,24.1468001
SB-45-SOM,2024-10-15 04:28:38+00:00,V4LT5O,120L,Sibiu,Romania,Strada Andrei Șaguna 5,3,45.7922082,24.1465244
SB-45-SOM,2024-10-15 04:28:41+00:00,TUOP4X,120L,Sibiu,Romania,Strada Andrei Șaguna 5,3,45.7922082,24.1465244
SB-45-SOM,2024-10-15 04:29:45+00:00,X2LIGZ,240L,Sibiu,Romania,Strada Andrei Șaguna 7,3,45.7923423,24.1462151
SB-45-SOM,2024-10-15 04:29:47+00:00,MQP7,120L,Sibiu,Romania,Strada Andrei Șaguna 7,3,45.7923423,24.1462151
SB-45-SOM,2024-10-15 04:30:43+00:00,OLSL,120L,Sibiu,Romania,Strada Andrei Șaguna 9 A,3,45.7930329,24.1452584
SB-45-SOM,2024-10-15 04:30:47+00:00,TNGM,120L,Sibiu,Romania,Strada Andrei Șaguna 9,3,45.7925465,24.1459368
SB-45-SOM,2024-10-15 04:31:05+00:00,XG6O,120L,Sibiu,Romania,Strada Andrei Șaguna 8,3,45.7926532,24.1463
SB-45-SOM,2024-10-15 04:32:20+00:00,ZKJCGY,120L,Sibiu,Romania,Strada Andrei Șaguna 17,3,45.793051,24.1450239
SB-45-SOM,2024-10-15 04:33:27+00:00,ZC27JX,240L,Sibiu,Romania,Strada Andrei Șaguna 21,3,45.8520358,24.1564107
SB-45-SOM,2024-10-15 04:34:59+00:00,U656,120L,Sibiu,Romania,Strada Andrei Șaguna 23,3,45.7932007,24.1444154
SB-45-SOM,2024-10-15 04:49:26+00:00,E65XU2,240L,Sibiu,Romania,Strada Pacii 12,3,46.1592541,24.3532645
SB-45-SOM,2024-10-15 04:51:23+00:00,MCUN5O,120L,Sibiu,Romania,Strada Vasile Aaron 33,3,45.7877358,24.1732548
SB-45-SOM,2024-10-15 04:52:12+00:00,NKXK3O,1.100L,Sibiu,Romania,Strada Iezer 14,3,45.7872993,24.1745893
SB-45-SOM,2024-10-15 04:52:32+00:00,DSGBQY,120L,Sibiu,Romania,Strada Vasile Aaron 29,3,45.7875394,24.17287
SB-45-SOM,2024-10-15 04:54:54+00:00,LOCZQ2,240L,Sibiu,Romania,Strada Vasile Aaron 18,3,45.7849389,24.168084
SB-45-SOM,2024-10-15 04:55:34+00:00,LOCZQ2,240L,Sibiu,Romania,Strada Vasile Aaron 18,3,45.7849389,24.168084
SB-45-SOM,2024-10-15 04:55:42+00:00,3WEG,120L,Sibiu,Romania,Strada Vasile Aaron 27,3,45.7853643,24.1684006
SB-45-SOM,2024-10-15 04:56:24+00:00,CZBI,120L,Sibiu,Romania,Strada Giuseppe Garibaldi 16,3,45.7858109,24.1677675
SB-45-SOM,2024-10-15 04:57:13+00:00,2JRZ,120L,Sibiu,Romania,Strada Vasile Aaron 26,3,45.787064,24.1729443
SB-45-SOM,2024-10-15 04:59:34+00:00,CEAV,120L,Sibiu,Romania,Strada Șoimului 3,3,45.8495459,24.1675323
SB-45-SOM,2024-10-15 05:03:59+00:00,R3HR,120L,Sibiu,Romania,Strada Vasile Aaron 13 A,3,45.7839931,24.165461
SB-45-SOM,2024-10-15 05:04:27+00:00,EC56ZN,120L,Sibiu,Romania,Strada Vasile Aaron 11,3,45.7839159,24.1653366
SB-45-SOM,2024-10-15 05:05:04+00:00,5GTH,120L,Sibiu,Romania,Strada Vasile Aaron 9,3,45.7838379,24.1651916
SB-45-SOM,2024-10-15 05:05:06+00:00,XQZ5,120L,Sibiu,Romania,Strada Vasile Aaron 9,3,45.7838379,24.1651916
SB-45-SOM,2024-10-15 05:05:47+00:00,YL4U,120L,Sibiu,Romania,Strada Vasile Aaron 7,3,45.7837589,24.1650254
SB-45-SOM,2024-10-15 05:06:07+00:00,QRBP,120L,Sibiu,Romania,Strada Vasile Aaron 6,3,45.7835077,24.1651993
SB-45-SOM,2024-10-15 05:06:43+00:00,SQT33G,120L,Sibiu,Romania,Strada Vasile Aaron 5,3,45.7836383,24.1647926
SB-45-SOM,2024-10-15 05:06:46+00:00,RPN47O,240L,Sibiu,Romania,Strada Vasile Aaron 5,3,45.7836383,24.1647926
SB-45-SOM,2024-10-15 05:07:33+00:00,ZKSMUP,120L,Sibiu,Romania,Strada Vasile Aaron 2,3,45.7833443,24.1649329
SB-45-SOM,2024-10-15 05:07:36+00:00,P7IQ,120L,Sibiu,Romania,Strada Vasile Aaron 4,3,45.7834325,24.1650801
SB-45-SOM,2024-10-15 05:08:16+00:00,XDM2,120L,Sibiu,Romania,Strada Ștefan cel Mare 192,3,45.7902285,24.2080583
SB-45-SOM,2024-10-15 05:08:26+00:00,TPCE6T,120L,Sibiu,Romania,Strada Vasile Aaron 1,3,45.7834641,24.1645976
SB-45-SOM,2024-10-15 05:08:29+00:00,Q7U2GS,120L,Sibiu,Romania,Bulevardul G-ral Vasile Milea 35,3,,
SB-45-SOM,2024-10-15 05:18:42+00:00,XYLCCQ,1.100L,Sibiu,Romania,Strada Fabricii 8,3,45.7956517,24.1625091
SB-45-SOM,2024-10-15 05:19:24+00:00,RVTUKK,1.100L,Sibiu,Romania,Strada Fabricii 8,3,45.7956517,24.1625091
SB-45-SOM,2024-10-15 05:19:54+00:00,C6ZHR2,1.100L,Sibiu,Romania,Strada Fabricii 8,3,45.7956517,24.1625091
SB-45-SOM,2024-10-15 05:22:43+00:00,NCOS,1.100L,Sibiu,Romania,Strada Serbota 23,3,45.7944515,24.1637447
SB-45-SOM,2024-10-15 05:27:47+00:00,E6PUYX,1.100L,Sibiu,Romania,Piața 1 Decembrie 1918 1,3,45.8000148,24.1612452
SB-45-SOM,2024-10-15 05:30:31+00:00,WOQ7CW,1.100L,Sibiu,Romania,Strada Uzinei 3,3,45.7967964,24.1597472
SB-45-SOM,2024-10-15 05:30:34+00:00,WOQ7CW,1.100L,Sibiu,Romania,Strada Uzinei 3,3,45.7967964,24.1597472
SB-45-SOM,2024-10-15 05:32:15+00:00,OVU6LL,1.100L,Sibiu,Romania,Strada Uzinei 9,3,45.7968516,24.159953
SB-45-SOM,2024-10-15 05:44:35+00:00,KXCA,120L,Sibiu,Romania,Strada G-ral Gheorghe Magheru 55,3,,
SB-45-SOM,2024-10-15 05:47:55+00:00,NS6CBI,1.100L,Sibiu,Romania,Strada Constituției BLOCURI 9 MAI,3,,
SB-45-SOM,2024-10-15 05:51:11+00:00,JVLS,1.100L,Sibiu,Romania,Strada Autogarii 5,3,45.797109,24.1314536
SB-45-SOM,2024-10-15 05:52:52+00:00,5OAGB7,1.100L,Sibiu,Romania,Strada Regele Ferdinand 6,3,45.8016691,24.1582754
SB-45-SOM,2024-10-15 05:53:16+00:00,MKURSO,1.100L,Sibiu,Romania,Strada Regele Ferdinand 6,3,45.8016691,24.1582754
SB-45-SOM,2024-10-15 05:56:19+00:00,XOXCRA,1.100L,Sibiu,Romania,Strada Abatorului 2,3,45.8036514,24.1548554
SB-45-SOM,2024-10-15 05:57:43+00:00,2SSUON,1.100L,Sibiu,Romania,Strada Abatorului 4,3,45.8027792,24.15677
SB-45-SOM,2024-10-15 05:58:02+00:00,WDMXDG,1.100L,Sibiu,Romania,Strada Abatorului 4,3,45.8027792,24.15677
