Car,Datetime,Id,Capacity,Street,Number,City,Country
SB-25-SOM,2024-10-15 06:14:38+00:00,O5AHDP,1.100L,Calea Șurii Mari,39 B,Sibiu,Romania
SB-25-SOM,2024-10-15 06:19:38+00:00,O5AHDP,1.100L,Calea Șurii Mari,39 B,Sibiu,Romania
SB-25-SOM,2024-10-15 06:32:00+00:00,NH7XHL,1.100L,Calea Șurii Mari,39,Sibiu,Romania
SB-25-SOM,2024-10-15 06:38:19+00:00,HPDZUE,1.100L,Strada Căprioarelor,1,Sibiu,Romania
SB-25-SOM,2024-10-15 06:46:41+00:00,BNY3U5,120L,Strada Lungă,71,Sibiu,Romania
SB-25-SOM,2024-10-15 06:50:03+00:00,J4LA,120L,Strada Țiglarilor,10,Sibiu,Romania
SB-25-SOM,2024-10-15 06:51:53+00:00,HLQKX5,1.100L,Strada Țiglarilor,12,Sibiu,Romania
SB-25-SOM,2024-10-15 06:52:15+00:00,MO25A3,1.100L,Strada Țiglarilor,12,Sibiu,Romania
SB-25-SOM,2024-10-15 06:52:47+00:00,OVR7LU,1.100L,Strada Țiglarilor,12,Sibiu,Romania
SB-25-SOM,2024-10-15 06:54:43+00:00,M4FF,240L,Strada Țiglarilor,20,Sibiu,Romania
SB-25-SOM,2024-10-15 06:55:18+00:00,MNQ5,120L,Strada Țiglarilor,24,Sibiu,Romania
SB-25-SOM,2024-10-15 06:55:51+00:00,R2LY,120L,Strada Țiglarilor,28,Sibiu,Romania
SB-25-SOM,2024-10-15 06:56:30+00:00,AGGC,120L,Strada Eschile,3,Sibiu,Romania
SB-25-SOM,2024-10-15 06:58:07+00:00,3WT5,1.100L,Strada Eschile,6,Sibiu,Romania
SB-25-SOM,2024-10-15 06:58:39+00:00,EXDE,1.100L,Strada Eschile,6,Sibiu,Romania
SB-25-SOM,2024-10-15 07:01:56+00:00,RSUZ,120L,Strada Eschile,12,Sibiu,Romania
SB-25-SOM,2024-10-15 07:02:21+00:00,ICLYI5,120L,Strada Eschile,15,Sibiu,Romania
SB-25-SOM,2024-10-15 07:02:36+00:00,FZRC,120L,Strada Eschile,17,Sibiu,Romania
SB-25-SOM,2024-10-15 07:03:39+00:00,QO42KH,120L,Strada Eschile,22,Sibiu,Romania
SB-25-SOM,2024-10-15 07:04:30+00:00,L5FA,120L,Strada Eschile,25,Sibiu,Romania
SB-25-SOM,2024-10-15 07:04:35+00:00,YMH42D,120L,Strada Pandurilor,15,Sibiu,Romania
SB-25-SOM,2024-10-15 07:05:04+00:00,DVRI,120L,Strada Eschile,31,Sibiu,Romania
SB-25-SOM,2024-10-15 07:05:19+00:00,Y3UO,120L,Strada Eschile,33,Sibiu,Romania
SB-25-SOM,2024-10-15 07:05:34+00:00,OBFG,120L,Strada Eschile,37,Sibiu,Romania
SB-25-SOM,2024-10-15 07:05:49+00:00,XYIKBN,120L,Strada Eschile,39,Sibiu,Romania
SB-25-SOM,2024-10-15 07:06:04+00:00,PKH6XW,120L,Strada Eschile,41,Sibiu,Romania
SB-25-SOM,2024-10-15 07:06:30+00:00,RW46BK,120L,Strada Eschile,43,Sibiu,Romania
SB-25-SOM,2024-10-15 07:07:15+00:00,FX3V,120L,Strada Eschile,36,Sibiu,Romania
SB-25-SOM,2024-10-15 07:07:55+00:00,LTVP5I,120L,Strada Eschile,49,Sibiu,Romania
SB-25-SOM,2024-10-15 07:08:11+00:00,H2JM,120L,Strada Eschile,40,Sibiu,Romania
SB-25-SOM,2024-10-15 07:09:00+00:00,XJTO,120L,Strada Traian Demetrescu,142,Sibiu,Romania
SB-25-SOM,2024-10-15 07:09:32+00:00,BLI4,120L,Strada Florilor,38,Sibiu,Romania
SB-25-SOM,2024-10-15 07:09:58+00:00,GVTV,120L,Strada Florilor,36 A,Sibiu,Romania
SB-25-SOM,2024-10-15 07:10:40+00:00,2F2D,120L,Strada Florilor,30,Sibiu,Romania
SB-25-SOM,2024-10-15 07:11:36+00:00,IRA5,120L,Strada Florilor,22,Sibiu,Romania
SB-25-SOM,2024-10-15 07:11:37+00:00,WKDH,120L,Strada Florilor,23,Sibiu,Romania
SB-25-SOM,2024-10-15 07:13:23+00:00,ZYZM,120L,Strada Florilor,15,Sibiu,Romania
SB-25-SOM,2024-10-15 07:13:33+00:00,ZMUL,120L,Strada Florilor,18,Sibiu,Romania
SB-25-SOM,2024-10-15 07:14:21+00:00,5FWEQY,120L,Strada Florilor,13,Sibiu,Romania
SB-25-SOM,2024-10-15 07:14:33+00:00,4UZG,120L,Strada Florilor,11,Sibiu,Romania
SB-25-SOM,2024-10-15 07:15:11+00:00,B6P3GH,120L,Strada Florilor,12,Sibiu,Romania
SB-25-SOM,2024-10-15 07:15:31+00:00,KGBR,120L,Strada Florilor,10,Sibiu,Romania
SB-25-SOM,2024-10-15 07:15:55+00:00,WAP3,120L,Strada Florilor,3,Sibiu,Romania
SB-25-SOM,2024-10-15 07:17:13+00:00,ISKIQT,120L,Strada Țiglarilor,67,Sibiu,Romania
SB-25-SOM,2024-10-15 07:17:47+00:00,H5JO,120L,Strada Țiglarilor,52,Sibiu,Romania
SB-25-SOM,2024-10-15 07:19:04+00:00,RSVP,120L,Strada Crizantemelor,7,Sibiu,Romania
SB-25-SOM,2024-10-15 07:19:07+00:00,PBLT,120L,Strada Crizantemelor,8,Sibiu,Romania
SB-25-SOM,2024-10-15 07:19:36+00:00,BGLZ,120L,Strada Crizantemelor,10,Sibiu,Romania
SB-25-SOM,2024-10-15 07:19:48+00:00,PKMB,120L,Strada Crizantemelor,13,Sibiu,Romania
SB-25-SOM,2024-10-15 07:20:16+00:00,WUKQ,120L,Strada Crizantemelor,12,Sibiu,Romania
SB-25-SOM,2024-10-15 07:21:00+00:00,QLZATW,120L,Strada Crizantemelor,16,Sibiu,Romania
SB-25-SOM,2024-10-15 07:21:06+00:00,75RA,120L,Strada Crizantemelor,17,Sibiu,Romania
SB-25-SOM,2024-10-15 07:21:09+00:00,75RA,120L,Strada Crizantemelor,17,Sibiu,Romania
SB-25-SOM,2024-10-15 07:21:16+00:00,6OIV,120L,Strada Crizantemelor,18,Sibiu,Romania
SB-25-SOM,2024-10-15 07:21:32+00:00,5KON,120L,Strada Crizantemelor,19,Sibiu,Romania
SB-25-SOM,2024-10-15 07:21:47+00:00,L7GY,120L,Strada Crizantemelor,21,Sibiu,Romania
SB-25-SOM,2024-10-15 07:22:17+00:00,A4FK,120L,Strada Lăcrămioarelor,8,Sibiu,Romania
SB-25-SOM,2024-10-15 07:22:26+00:00,AJ2FQV,120L,Strada Lăcrămioarelor,10,Sibiu,Romania
SB-25-SOM,2024-10-15 07:22:56+00:00,YJTH,120L,Strada Lăcrămioarelor,14,Sibiu,Romania
SB-25-SOM,2024-10-15 07:23:19+00:00,A4NQ,120L,Strada Lăcrămioarelor,16,Sibiu,Romania
SB-25-SOM,2024-10-15 07:23:36+00:00,A4NQ,120L,Strada Lăcrămioarelor,16,Sibiu,Romania
SB-25-SOM,2024-10-15 07:23:50+00:00,AC4W,120L,Strada Lăcrămioarelor,1,Sibiu,Romania
SB-25-SOM,2024-10-15 07:25:05+00:00,PCNHOZ,120L,Strada Lăcrămioarelor,6,Sibiu,Romania
SB-25-SOM,2024-10-15 07:25:33+00:00,A2DB,120L,Strada Lăcrămioarelor,4,Sibiu,Romania
SB-25-SOM,2024-10-15 07:25:49+00:00,7YUI,120L,Strada Lăcrămioarelor,2,Sibiu,Romania
SB-25-SOM,2024-10-15 07:27:02+00:00,PNDB,120L,Strada Pandurilor,14,Sibiu,Romania
SB-25-SOM,2024-10-15 07:27:03+00:00,O6TE,120L,Strada Pandurilor,13,Sibiu,Romania
SB-25-SOM,2024-10-15 07:27:32+00:00,RQJH,120L,Strada Pandurilor,12,Sibiu,Romania
SB-25-SOM,2024-10-15 07:27:52+00:00,BUAP,120L,Strada Pandurilor,7,Sibiu,Romania
SB-25-SOM,2024-10-15 07:27:54+00:00,IRWG,120L,Strada Pandurilor,10,Sibiu,Romania
SB-25-SOM,2024-10-15 07:29:04+00:00,AD3R,120L,Strada Pandurilor,1,Sibiu,Romania
SB-25-SOM,2024-10-15 07:30:52+00:00,BQ6Y,120L,Strada Țiglarilor,34,Sibiu,Romania
SB-25-SOM,2024-10-15 07:31:59+00:00,MNUD,120L,Strada Țiglarilor,45,Sibiu,Romania
SB-25-SOM,2024-10-15 07:32:00+00:00,VWTU,240L,Strada Țiglarilor,40,Sibiu,Romania
SB-25-SOM,2024-10-15 07:33:02+00:00,YVXSD6,120L,Strada Țiglarilor,51,Sibiu,Romania
SB-25-SOM,2024-10-15 07:33:49+00:00,WFCE,120L,Strada Țiglarilor,44,Sibiu,Romania
SB-25-SOM,2024-10-15 07:34:13+00:00,GZKP,120L,Strada Crizantemelor,2,Sibiu,Romania
SB-25-SOM,2024-10-15 07:35:09+00:00,DUYR,120L,Strada Țiglarilor,60,Sibiu,Romania
SB-25-SOM,2024-10-15 07:35:47+00:00,CAHMA5,120L,Strada Țiglarilor,64,Sibiu,Romania
SB-25-SOM,2024-10-15 07:36:33+00:00,CXDWRY,120L,Strada Țiglarilor,66,Sibiu,Romania
SB-25-SOM,2024-10-15 07:36:36+00:00,4BX3,120L,Strada Țiglarilor,66,Sibiu,Romania
SB-25-SOM,2024-10-15 07:37:09+00:00,D5Y7,120L,Strada Țiglarilor,75,Sibiu,Romania
SB-25-SOM,2024-10-15 07:37:11+00:00,B3ZB,120L,Strada Țiglarilor,70,Sibiu,Romania
SB-25-SOM,2024-10-15 07:37:56+00:00,PVRAIY,120L,Strada Țiglarilor,70,Sibiu,Romania
SB-25-SOM,2024-10-15 07:37:58+00:00,PVRAIY,120L,Strada Țiglarilor,70,Sibiu,Romania
SB-25-SOM,2024-10-15 07:38:34+00:00,SGIW,120L,Strada Țiglarilor,79,Sibiu,Romania
SB-25-SOM,2024-10-15 07:38:39+00:00,2L6I,120L,Strada Țiglarilor,77,Sibiu,Romania
SB-25-SOM,2024-10-15 07:39:32+00:00,VIUB,120L,Strada Țiglarilor,76,Sibiu,Romania
SB-25-SOM,2024-10-15 07:39:50+00:00,LIEV,120L,Strada Țiglarilor,81 A,Sibiu,Romania
SB-25-SOM,2024-10-15 07:39:54+00:00,7KUU,120L,Strada Țiglarilor,76 A,Sibiu,Romania
SB-25-SOM,2024-10-15 07:40:18+00:00,YUUH,120L,Strada Țiglarilor,83,Sibiu,Romania
SB-25-SOM,2024-10-15 07:40:20+00:00,MX3D,120L,Strada Țiglarilor,78,Sibiu,Romania
SB-25-SOM,2024-10-15 07:41:07+00:00,TQZ2,120L,Strada Țiglarilor,83,Sibiu,Romania
SB-25-SOM,2024-10-15 07:42:00+00:00,4OBW,120L,Strada Dulgherilor,7,Sibiu,Romania
SB-25-SOM,2024-10-15 07:42:17+00:00,42E3,120L,Strada Dulgherilor,11,Sibiu,Romania
SB-25-SOM,2024-10-15 07:43:38+00:00,EHNR,120L,Strada Dulgherilor,18,Sibiu,Romania
SB-25-SOM,2024-10-15 07:46:45+00:00,6HTD,120L,Strada Țiglarilor,84,Sibiu,Romania
SB-25-SOM,2024-10-15 07:47:23+00:00,6IME,120L,Strada Țiglarilor,85,Sibiu,Romania
SB-25-SOM,2024-10-15 07:48:16+00:00,A2MK,240L,Strada Țiglarilor,89,Sibiu,Romania
SB-25-SOM,2024-10-15 07:48:40+00:00,74ZLG3,120L,Strada Țiglarilor,92,Sibiu,Romania
SB-25-SOM,2024-10-15 07:49:53+00:00,B3FI,120L,Strada Țiglarilor,95,Sibiu,Romania
SB-25-SOM,2024-10-15 07:50:50+00:00,FDSTRJ,120L,Strada Zidarilor,1,Sibiu,Romania
SB-25-SOM,2024-10-15 07:50:56+00:00,H7MM,120L,Strada Zidarilor,2,Sibiu,Romania
SB-25-SOM,2024-10-15 07:51:30+00:00,EUZU,120L,Strada Zidarilor,7,Sibiu,Romania
SB-25-SOM,2024-10-15 07:51:50+00:00,LQS7,120L,Strada Zidarilor,6,Sibiu,Romania
SB-25-SOM,2024-10-15 07:56:08+00:00,QOH2,120L,Strada Țiglarilor,106,Sibiu,Romania
SB-25-SOM,2024-10-15 07:58:43+00:00,7WIN,240L,Strada Țiglarilor,101,Sibiu,Romania
SB-25-SOM,2024-10-15 07:58:46+00:00,LUKAU6,240L,Strada Țiglarilor,101,Sibiu,Romania
SB-25-SOM,2024-10-15 07:59:13+00:00,7VCQ,240L,Strada Țiglarilor,101,Sibiu,Romania
SB-25-SOM,2024-10-15 08:01:02+00:00,FOY2RW,240L,Strada Țiglarilor,103,Sibiu,Romania
SB-25-SOM,2024-10-15 08:01:07+00:00,7T6P,120L,Strada Țiglarilor,103,Sibiu,Romania
SB-25-SOM,2024-10-15 08:01:28+00:00,DL7T,120L,Strada Țiglarilor,103,Sibiu,Romania
SB-25-SOM,2024-10-15 08:01:55+00:00,L4APOF,120L,Strada Țiglarilor,103,Sibiu,Romania
SB-25-SOM,2024-10-15 08:04:16+00:00,7QZLCR,1.100L,Strada Țiglarilor,103,Sibiu,Romania
SB-25-SOM,2024-10-15 08:05:04+00:00,CUGP,120L,Strada Țiglarilor,108,Sibiu,Romania
SB-25-SOM,2024-10-15 08:06:12+00:00,AWBU,120L,Strada Țiglarilor,110,Sibiu,Romania
SB-25-SOM,2024-10-15 08:06:57+00:00,LDNFET,240L,Strada Țiglarilor,105,Sibiu,Romania
SB-25-SOM,2024-10-15 08:07:34+00:00,5CNOGA,120L,Strada Țiglarilor,116,Sibiu,Romania
SB-25-SOM,2024-10-15 08:08:07+00:00,CMJT,120L,Strada Țiglarilor,118,Sibiu,Romania
SB-25-SOM,2024-10-15 08:08:20+00:00,VRJU,120L,Strada Țiglarilor,120,Sibiu,Romania
SB-25-SOM,2024-10-15 08:08:57+00:00,4YA6,120L,Strada Țiglarilor,122,Sibiu,Romania
SB-25-SOM,2024-10-15 08:09:32+00:00,MPB5UZ,120L,Strada Cuptorului,33 A,Sibiu,Romania
SB-25-SOM,2024-10-15 08:10:06+00:00,UJED,240L,Strada Țiglarilor,128 A,Sibiu,Romania
SB-25-SOM,2024-10-15 08:10:38+00:00,7GNE,120L,Strada Țiglarilor,111,Sibiu,Romania
SB-25-SOM,2024-10-15 08:16:37+00:00,7EKJ,120L,Strada Deventer,7,Sibiu,Romania
SB-25-SOM,2024-10-15 08:17:38+00:00,7AS6,120L,Strada Deventer,15,Sibiu,Romania
SB-25-SOM,2024-10-15 08:19:41+00:00,CQS7,120L,Strada Cuptorului,38,Sibiu,Romania
SB-25-SOM,2024-10-15 08:20:25+00:00,OTAV,120L,Strada Cuptorului,36,Sibiu,Romania
SB-25-SOM,2024-10-15 08:21:09+00:00,SBEF,120L,Strada Cuptorului,34,Sibiu,Romania
SB-25-SOM,2024-10-15 08:21:25+00:00,XAI5V2,120L,Strada Cuptorului,31,Sibiu,Romania
SB-25-SOM,2024-10-15 08:21:48+00:00,F6QH,120L,Strada Cuptorului,30,Sibiu,Romania
SB-25-SOM,2024-10-15 08:22:09+00:00,IYZ6,120L,Strada Cuptorului,29,Sibiu,Romania
SB-25-SOM,2024-10-15 08:22:16+00:00,UNYVJN,120L,Strada Cuptorului,26,Sibiu,Romania
SB-25-SOM,2024-10-15 08:23:20+00:00,R6JV,120L,Strada Cuptorului,25,Sibiu,Romania
SB-25-SOM,2024-10-15 08:23:47+00:00,63NT,120L,Strada Cuptorului,23,Sibiu,Romania
SB-25-SOM,2024-10-15 08:23:51+00:00,HQHV6X,120L,Strada Cuptorului,20,Sibiu,Romania
SB-25-SOM,2024-10-15 08:24:30+00:00,73TR,120L,Strada Cuptorului,19,Sibiu,Romania
SB-25-SOM,2024-10-15 08:25:38+00:00,C2ANBH,120L,Strada Cuptorului,14 B,Sibiu,Romania
SB-25-SOM,2024-10-15 08:27:33+00:00,TDTR,120L,Strada Cuptorului,13,Sibiu,Romania
SB-25-SOM,2024-10-15 08:28:06+00:00,E5AO,120L,Strada Cuptorului,14,Sibiu,Romania
SB-25-SOM,2024-10-15 08:29:03+00:00,NL5N,120L,Strada Cuptorului,1,Sibiu,Romania
SB-25-SOM,2024-10-15 08:29:45+00:00,ZJKN,120L,Strada Cuptorului,3,Sibiu,Romania
SB-25-SOM,2024-10-15 08:30:53+00:00,X2CB,120L,Strada Cuptorului,12,Sibiu,Romania
SB-25-SOM,2024-10-15 08:30:56+00:00,JICQOG,120L,Strada Cuptorului,7 G,Sibiu,Romania
SB-25-SOM,2024-10-15 08:31:30+00:00,GPHC,120L,Strada Cuptorului,10,Sibiu,Romania
SB-25-SOM,2024-10-15 08:36:36+00:00,2CB5UZ,1.100L,Strada Cuptorului,12 B,Sibiu,Romania
SB-25-SOM,2024-10-15 08:40:11+00:00,SQK2,120L,Strada Ulmului,62,Sibiu,Romania
SB-25-SOM,2024-10-15 08:40:37+00:00,5IM6RQ,120L,Strada Ulmului,60,Sibiu,Romania
SB-25-SOM,2024-10-15 08:40:58+00:00,EFXC,120L,Strada Ulmului,56,Sibiu,Romania
SB-25-SOM,2024-10-15 08:42:44+00:00,H7KEWX,120L,Strada Ulmului,35 A,Sibiu,Romania
SB-25-SOM,2024-10-15 08:43:00+00:00,AP3D,120L,Strada Ulmului,50 A,Sibiu,Romania
SB-25-SOM,2024-10-15 08:43:50+00:00,AFE3,120L,Strada Ulmului,50 A,Sibiu,Romania
SB-25-SOM,2024-10-15 08:44:37+00:00,IJBU,120L,Strada Ulmului,46,Sibiu,Romania
SB-25-SOM,2024-10-15 08:44:39+00:00,5HUB,120L,Strada Ulmului,46,Sibiu,Romania
SB-25-SOM,2024-10-15 08:45:21+00:00,P7QA,120L,Strada Ulmului,44,Sibiu,Romania
SB-25-SOM,2024-10-15 08:46:02+00:00,G4QPXW,120L,Strada Ulmului,27,Sibiu,Romania
SB-25-SOM,2024-10-15 08:46:14+00:00,WZLA,120L,Strada Ulmului,40,Sibiu,Romania
SB-25-SOM,2024-10-15 08:48:13+00:00,I6E5,120L,Strada Ulmului,34,Sibiu,Romania
SB-25-SOM,2024-10-15 08:48:55+00:00,MCE7DG,120L,Strada Ulmului,32,Sibiu,Romania
SB-25-SOM,2024-10-15 08:49:40+00:00,ORMMLR,120L,Strada Ulmului,25,Sibiu,Romania
SB-25-SOM,2024-10-15 08:50:02+00:00,7TCM,1.100L,Strada Ulmului,28,Sibiu,Romania
SB-25-SOM,2024-10-15 08:54:22+00:00,JBCWEX,120L,Strada Florilor,12 A,Sibiu,Romania
SB-25-SOM,2024-10-15 08:58:13+00:00,W6TD,120L,Strada Ulmului,1,Sibiu,Romania
SB-25-SOM,2024-10-15 08:58:46+00:00,QZOB,120L,Strada Ulmului,5,Sibiu,Romania
SB-25-SOM,2024-10-15 08:58:47+00:00,OC26,120L,Strada Ulmului,3,Sibiu,Romania
SB-25-SOM,2024-10-15 08:59:29+00:00,5SY7,120L,Strada Ulmului,9,Sibiu,Romania
SB-25-SOM,2024-10-15 09:00:00+00:00,H5RK,120L,Strada Ulmului,15,Sibiu,Romania
SB-25-SOM,2024-10-15 09:00:31+00:00,PSMN,120L,Strada Ulmului,14,Sibiu,Romania
SB-25-SOM,2024-10-15 09:01:07+00:00,GI3Z,120L,Strada Ulmului,18,Sibiu,Romania
SB-25-SOM,2024-10-15 09:01:25+00:00,UJ6YSF,120L,Strada Ulmului,21,Sibiu,Romania
SB-25-SOM,2024-10-15 09:01:45+00:00,EGF425,120L,Strada Record,37,Sibiu,Romania
SB-25-SOM,2024-10-15 09:02:29+00:00,6TZH,120L,Strada Record,26,Sibiu,Romania
SB-25-SOM,2024-10-15 09:05:12+00:00,7KJ2,120L,Strada Lacul lui Binder,4,Sibiu,Romania
SB-25-SOM,2024-10-15 09:05:24+00:00,KK4T,120L,Strada Țiglarilor,101,Sibiu,Romania
SB-25-SOM,2024-10-15 09:06:40+00:00,SOROBW,120L,Strada Lacul lui Binder,5,Sibiu,Romania
SB-25-SOM,2024-10-15 09:07:10+00:00,LNWFHI,240L,Strada Lacul lui Binder,FN,Sibiu,Romania
SB-25-SOM,2024-10-15 09:09:44+00:00,VNCA,120L,Strada Lutului,76,Sibiu,Romania
SB-25-SOM,2024-10-15 09:09:59+00:00,UJDFJW,120L,Strada Lutului,74,Sibiu,Romania
SB-25-SOM,2024-10-15 09:10:26+00:00,46JF75,120L,Strada Lutului,60,Sibiu,Romania
SB-25-SOM,2024-10-15 09:11:46+00:00,T2X2,120L,Strada Lutului,58,Sibiu,Romania
SB-25-SOM,2024-10-15 09:12:15+00:00,43XG,120L,Strada Lutului,53,Sibiu,Romania
SB-25-SOM,2024-10-15 09:12:41+00:00,VYIT,120L,Strada Lutului,43 A,Sibiu,Romania
SB-25-SOM,2024-10-15 09:12:56+00:00,PIJZ,120L,Strada Lutului,48,Sibiu,Romania
SB-25-SOM,2024-10-15 09:14:01+00:00,B534,120L,Strada Lutului,40,Sibiu,Romania
SB-25-SOM,2024-10-15 09:14:02+00:00,RVU6,120L,Strada Lutului,35,Sibiu,Romania
SB-25-SOM,2024-10-15 09:14:29+00:00,4VYR,120L,Strada Lutului,36,Sibiu,Romania
SB-25-SOM,2024-10-15 09:14:32+00:00,SNVZ,120L,Strada Lutului,31,Sibiu,Romania
SB-25-SOM,2024-10-15 09:14:42+00:00,FFFY,120L,Strada Lutului,34,Sibiu,Romania
SB-25-SOM,2024-10-15 09:14:54+00:00,FN4Z,120L,Strada Lutului,29,Sibiu,Romania
SB-25-SOM,2024-10-15 09:15:12+00:00,YABH,120L,Strada Lutului,32,Sibiu,Romania
SB-25-SOM,2024-10-15 09:15:32+00:00,WV3D,120L,Strada Ulmului,21,Sibiu,Romania
SB-25-SOM,2024-10-15 09:16:13+00:00,N7YA,120L,Strada Lutului,22,Sibiu,Romania
SB-25-SOM,2024-10-15 09:16:15+00:00,XFJB4O,120L,Strada Lutului,17,Sibiu,Romania
SB-25-SOM,2024-10-15 09:16:47+00:00,NDM7,120L,Strada Lutului,14,Sibiu,Romania
SB-25-SOM,2024-10-15 09:17:11+00:00,AVVB,120L,Strada Lutului,8,Sibiu,Romania
SB-25-SOM,2024-10-15 09:18:59+00:00,YANR,120L,Strada Sperantei,5,Sibiu,Romania
SB-25-SOM,2024-10-15 09:20:35+00:00,KIKG,120L,Strada Carpaților,2,Sibiu,Romania
SB-25-SOM,2024-10-15 09:20:58+00:00,YIEA,120L,Strada Carpaților,3 B,Sibiu,Romania
SB-25-SOM,2024-10-15 09:21:29+00:00,DOAY,120L,Strada Carpaților,9,Sibiu,Romania
SB-25-SOM,2024-10-15 09:23:27+00:00,PWCW,120L,Strada Carpaților,15,Sibiu,Romania
SB-25-SOM,2024-10-15 09:23:49+00:00,BT77,120L,Strada Carpaților,17,Sibiu,Romania
SB-25-SOM,2024-10-15 09:23:55+00:00,OXYS,120L,Strada Carpaților,16 A,Sibiu,Romania
SB-25-SOM,2024-10-15 09:25:01+00:00,JCPQ,120L,Strada Carpaților,21,Sibiu,Romania
SB-25-SOM,2024-10-15 09:25:26+00:00,QE67,120L,Strada Carpaților,23,Sibiu,Romania
SB-25-SOM,2024-10-15 09:25:43+00:00,U6RM,120L,Strada Carpaților,25,Sibiu,Romania
SB-25-SOM,2024-10-15 09:26:12+00:00,C7GGQV,120L,Strada Carpaților,29,Sibiu,Romania
SB-25-SOM,2024-10-15 09:26:21+00:00,H644,120L,Strada Carpaților,28,Sibiu,Romania
SB-25-SOM,2024-10-15 09:26:47+00:00,R7PR,120L,Strada Carpaților,31,Sibiu,Romania
SB-25-SOM,2024-10-15 09:27:10+00:00,6LTW,120L,Strada Carpaților,33,Sibiu,Romania
SB-25-SOM,2024-10-15 09:28:16+00:00,SCSO,120L,Strada Margaretelor,41,Sibiu,Romania
SB-25-SOM,2024-10-15 09:28:46+00:00,LP4Y,120L,Strada Țiglarilor,39,Sibiu,Romania
SB-25-SOM,2024-10-15 09:29:11+00:00,6MZI,120L,Strada Țiglarilor,35 A,Sibiu,Romania
SB-25-SOM,2024-10-15 09:30:02+00:00,6LPK,120L,Strada Țiglarilor,33 A,Sibiu,Romania
SB-25-SOM,2024-10-15 09:30:40+00:00,F3DJ,120L,Strada Țiglarilor,25,Sibiu,Romania
SB-25-SOM,2024-10-15 09:30:51+00:00,K2PH,120L,Strada Țiglarilor,21,Sibiu,Romania
SB-25-SOM,2024-10-15 09:31:19+00:00,X5VJW2,120L,Strada Țiglarilor,25,Sibiu,Romania
SB-25-SOM,2024-10-15 09:32:07+00:00,MHKA,120L,Strada Țiglarilor,11,Sibiu,Romania
SB-25-SOM,2024-10-15 09:32:36+00:00,2ZO3T5,240L,Strada Țiglarilor,7,Sibiu,Romania
SB-25-SOM,2024-10-15 09:32:41+00:00,5SD4,120L,Strada Țiglarilor,7,Sibiu,Romania
SB-25-SOM,2024-10-15 09:33:19+00:00,WXUT,120L,Strada Țiglarilor,3,Sibiu,Romania
SB-25-SOM,2024-10-15 09:33:43+00:00,6K5E,120L,Strada Țiglarilor,3 A,Sibiu,Romania
SB-25-SOM,2024-10-15 09:34:22+00:00,X6LQ,120L,Strada Lungă,53,Sibiu,Romania
SB-25-SOM,2024-10-15 09:35:02+00:00,FXZL,120L,Strada Lungă,47,Sibiu,Romania
SB-25-SOM,2024-10-15 09:36:06+00:00,LRDP,120L,Strada Lungă,37,Sibiu,Romania
SB-25-SOM,2024-10-15 09:36:21+00:00,6CJM,120L,Strada Lungă,35 C,Sibiu,Romania
SB-25-SOM,2024-10-15 09:36:25+00:00,6DTX,120L,Strada Lungă,35 A,Sibiu,Romania
SB-25-SOM,2024-10-15 09:37:16+00:00,UKOAXG,120L,Strada Lungă,35,Sibiu,Romania
SB-25-SOM,2024-10-15 09:37:21+00:00,FX6X,120L,Strada Lungă,35,Sibiu,Romania
SB-25-SOM,2024-10-15 09:37:57+00:00,WSNJB3,120L,Strada Lungă,35,Sibiu,Romania
SB-25-SOM,2024-10-15 09:38:00+00:00,JF43EY,120L,Strada Lungă,40,Sibiu,Romania
SB-25-SOM,2024-10-15 09:38:20+00:00,6WVIGL,120L,Strada Lungă,35,Sibiu,Romania
SB-25-SOM,2024-10-15 09:39:14+00:00,WQJ4,120L,Strada Lungă,31,Sibiu,Romania
SB-25-SOM,2024-10-15 09:39:17+00:00,FTXO,120L,Strada Lungă,31,Sibiu,Romania
SB-25-SOM,2024-10-15 09:39:50+00:00,2MCS,120L,Strada Lungă,29,Sibiu,Romania
SB-25-SOM,2024-10-15 09:41:47+00:00,3AFF,120L,Strada Lungă,17 A,Sibiu,Romania
SB-25-SOM,2024-10-15 09:42:58+00:00,IQXF,1.100L,Strada Lungă,9,Sibiu,Romania
SB-25-SOM,2024-10-15 09:44:32+00:00,IATBI7,120L,Strada Lungă,7,Sibiu,Romania
SB-25-SOM,2024-10-15 09:44:34+00:00,BESN,120L,Strada Lungă,7,Sibiu,Romania
SB-25-SOM,2024-10-15 09:47:34+00:00,RRYH,120L,Strada Ion Luca Caragiale,1,Sibiu,Romania
SB-25-SOM,2024-10-15 09:47:58+00:00,G4N6,120L,Strada Ion Luca Caragiale,2,Sibiu,Romania
SB-25-SOM,2024-10-15 09:48:46+00:00,7CX2,120L,Strada Ion Luca Caragiale,2,Sibiu,Romania
SB-25-SOM,2024-10-15 09:49:26+00:00,RSK3LI,120L,Ion Luca Caragiale,8,Sibiu,Romania
SB-25-SOM,2024-10-15 09:50:55+00:00,6BJBLA,120L,Strada Reconstrucției,2 A,Sibiu,Romania
SB-25-SOM,2024-10-15 09:51:37+00:00,U67K,120L,Strada Lungă,2 E,Sibiu,Romania
SB-25-SOM,2024-10-15 09:51:40+00:00,4UBK,120L,Strada Râului,22 A,Sibiu,Romania
SB-25-SOM,2024-10-15 09:52:49+00:00,435TFU,120L,Strada Lungă,2,Sibiu,Romania
SB-25-SOM,2024-10-15 09:53:40+00:00,5PA5,240L,Strada Lungă,8 D,Sibiu,Romania
SB-25-SOM,2024-10-15 09:53:46+00:00,SBWR,120L,Strada Lungă,6,Sibiu,Romania
SB-25-SOM,2024-10-15 09:53:48+00:00,PITBY7,240L,Strada Lungă,8,Sibiu,Romania
SB-25-SOM,2024-10-15 09:54:06+00:00,EOJ7T5,240L,Strada Lungă,8 C,Sibiu,Romania
SB-25-SOM,2024-10-15 09:54:13+00:00,7VYE37,240L,Strada Lungă,8,Sibiu,Romania
SB-25-SOM,2024-10-15 09:54:26+00:00,5PME,240L,Strada Lungă,8 B,Sibiu,Romania
SB-25-SOM,2024-10-15 09:55:01+00:00,KVT7,120L,Strada Lungă,12,Sibiu,Romania
SB-25-SOM,2024-10-15 09:55:03+00:00,4YZE4J,120L,Strada Lungă,10,Sibiu,Romania
SB-25-SOM,2024-10-15 09:56:30+00:00,BV2OVR,120L,Strada Lungă,16,Sibiu,Romania
SB-25-SOM,2024-10-15 09:57:22+00:00,ITS2,120L,Strada Lungă,22,Sibiu,Romania
SB-25-SOM,2024-10-15 09:57:23+00:00,5M7N,240L,Strada Lungă,22 B,Sibiu,Romania
SB-25-SOM,2024-10-15 09:58:08+00:00,5FEK,120L,Strada Lungă,26 A,Sibiu,Romania
SB-25-SOM,2024-10-15 09:58:41+00:00,6ZGKYZ,240L,Strada Lungă,26,Sibiu,Romania
SB-25-SOM,2024-10-15 10:01:23+00:00,5CDN,120L,Strada General Bălan,42,Sibiu,Romania
SB-25-SOM,2024-10-15 10:01:26+00:00,PEIN,120L,Strada Lungă,33,Sibiu,Romania
SB-25-SOM,2024-10-15 10:01:55+00:00,FOAUWV,240L,Strada General Bălan,51,Sibiu,Romania
SB-25-SOM,2024-10-15 10:01:59+00:00,IANB,120L,Strada General Bălan,51,Sibiu,Romania
SB-25-SOM,2024-10-15 10:02:32+00:00,6RCW,120L,Strada General Bălan,40,Sibiu,Romania
SB-25-SOM,2024-10-15 10:02:35+00:00,OJJ3,120L,Strada General Bălan,47,Sibiu,Romania
SB-25-SOM,2024-10-15 10:02:46+00:00,PI7FPO,120L,Strada General Bălan,47,Sibiu,Romania
SB-25-SOM,2024-10-15 10:04:26+00:00,MB3T,120L,Strada Lungă,25,Sibiu,Romania
SB-25-SOM,2024-10-15 10:04:35+00:00,DAES,120L,Strada General Bălan,37,Sibiu,Romania
SB-25-SOM,2024-10-15 10:05:01+00:00,QKYD,120L,Strada General Bălan,35,Sibiu,Romania
SB-25-SOM,2024-10-15 10:05:03+00:00,6732,120L,Strada General Bălan,34,Sibiu,Romania
SB-25-SOM,2024-10-15 10:05:50+00:00,OCG2,120L,Strada General Bălan,33,Sibiu,Romania
SB-25-SOM,2024-10-15 10:06:55+00:00,BGGG,120L,Strada General Bălan,28,Sibiu,Romania
SB-25-SOM,2024-10-15 10:07:22+00:00,63TS,120L,Strada General Bălan,28,Sibiu,Romania
SB-25-SOM,2024-10-15 10:07:27+00:00,5R2U,120L,Strada General Bălan,27,Sibiu,Romania
SB-25-SOM,2024-10-15 10:07:54+00:00,B2RM,120L,Strada General Bălan,23,Sibiu,Romania
SB-25-SOM,2024-10-15 10:08:07+00:00,UFIX,120L,Strada General Bălan,24,Sibiu,Romania
SB-25-SOM,2024-10-15 10:08:11+00:00,YWXV37,120L,Strada General Bălan,21,Sibiu,Romania
SB-25-SOM,2024-10-15 10:08:30+00:00,LKP3XO,120L,Strada General Bălan,22,Sibiu,Romania
SB-25-SOM,2024-10-15 10:08:32+00:00,QZMA,120L,Strada General Bălan,19,Sibiu,Romania
SB-25-SOM,2024-10-15 10:09:07+00:00,NNJ2KY,120L,Strada General Bălan,18,Sibiu,Romania
SB-25-SOM,2024-10-15 10:09:41+00:00,6BQJ,120L,Strada General Bălan,14,Sibiu,Romania
SB-25-SOM,2024-10-15 10:09:43+00:00,JA5YGO,120L,Strada General Bălan,11,Sibiu,Romania
SB-25-SOM,2024-10-15 10:10:23+00:00,EXNZ,120L,Strada General Bălan,12,Sibiu,Romania
SB-25-SOM,2024-10-15 10:11:23+00:00,OO4C,120L,Strada General Bălan,10,Sibiu,Romania
SB-25-SOM,2024-10-15 10:11:56+00:00,HW34,120L,Strada General Bălan,5,Sibiu,Romania
SB-25-SOM,2024-10-15 10:50:30+00:00,TDAR,120L,Strada Honterus,2,Sibiu,Romania
SB-25-SOM,2024-10-15 10:50:35+00:00,BDI4,120L,Strada Înfrățirii,17,Sibiu,Romania
SB-25-SOM,2024-10-15 10:51:23+00:00,Z3HP,120L,Strada Honterus,7,Sibiu,Romania
SB-25-SOM,2024-10-15 10:51:27+00:00,KY4M,120L,Strada Honterus,6,Sibiu,Romania
SB-25-SOM,2024-10-15 10:52:04+00:00,WAFM,120L,Strada Honterus,12,Sibiu,Romania
SB-25-SOM,2024-10-15 10:52:23+00:00,H7AM,120L,Strada Honterus,13,Sibiu,Romania
SB-25-SOM,2024-10-15 10:52:42+00:00,ZBXZFK,120L,Strada Honterus,26,Sibiu,Romania
SB-25-SOM,2024-10-15 10:54:01+00:00,U4YY,120L,Strada Honterus,38,Sibiu,Romania
SB-25-SOM,2024-10-15 10:54:40+00:00,6QMX,120L,Strada Honterus,33,Sibiu,Romania
SB-25-SOM,2024-10-15 10:54:53+00:00,VJBQ,120L,Strada Honterus,35,Sibiu,Romania
SB-25-SOM,2024-10-15 10:56:30+00:00,MFIU,120L,Strada Democrației,42,Sibiu,Romania
SB-25-SOM,2024-10-15 10:56:46+00:00,BNZ7,120L,Strada Democrației,39,Sibiu,Romania
SB-25-SOM,2024-10-15 10:58:27+00:00,6I6E,120L,Strada Democrației,33,Sibiu,Romania
SB-25-SOM,2024-10-15 10:58:42+00:00,2KZ2,120L,Strada Democrației,32,Sibiu,Romania
SB-25-SOM,2024-10-15 10:58:47+00:00,WIBG,120L,Strada Democrației,29,Sibiu,Romania
SB-25-SOM,2024-10-15 10:59:38+00:00,XSKK,120L,Strada Democrației,28,Sibiu,Romania
SB-25-SOM,2024-10-15 11:00:07+00:00,4DOY,120L,Strada Democrației,24,Sibiu,Romania
SB-25-SOM,2024-10-15 11:00:45+00:00,F3EENW,120L,Strada Democrației,22,Sibiu,Romania
SB-25-SOM,2024-10-15 11:00:47+00:00,6RFTUR,120L,Strada Democrației,19,Sibiu,Romania
SB-25-SOM,2024-10-15 11:01:24+00:00,EJ6F,120L,Strada Democrației,20,Sibiu,Romania
SB-25-SOM,2024-10-15 11:01:28+00:00,DOLS,120L,Strada Democrației,17,Sibiu,Romania
SB-25-SOM,2024-10-15 11:02:33+00:00,ENGP,120L,Strada Democrației,11,Sibiu,Romania
SB-25-SOM,2024-10-15 11:03:01+00:00,YDGZ,120L,Strada Democrației,14,Sibiu,Romania
SB-25-SOM,2024-10-15 11:03:59+00:00,5BEQ,120L,Strada Democrației,12,Sibiu,Romania
SB-25-SOM,2024-10-15 11:05:50+00:00,NCTD,120L,Strada Viorelelor,6,Sibiu,Romania
SB-25-SOM,2024-10-15 11:07:51+00:00,YIHVO4,120L,Strada Viorelelor,5,Sibiu,Romania
SB-25-SOM,2024-10-15 11:08:18+00:00,VZ4J,120L,Strada Viorelelor,14,Sibiu,Romania
SB-25-SOM,2024-10-15 11:08:58+00:00,2BSY,120L,Strada Viorelelor,20,Sibiu,Romania
SB-25-SOM,2024-10-15 11:09:21+00:00,WCGB,120L,Strada Viorelelor,13,Sibiu,Romania
SB-25-SOM,2024-10-15 11:10:18+00:00,ZYCY,120L,Strada Viorelelor,23,Sibiu,Romania
SB-25-SOM,2024-10-15 11:10:33+00:00,CSJJ,120L,Strada Viorelelor,21,Sibiu,Romania
SB-25-SOM,2024-10-15 11:11:31+00:00,ZU3B,120L,Strada Viorelelor,25,Sibiu,Romania
SB-25-SOM,2024-10-15 11:12:13+00:00,OCKI,120L,Strada Simion Bărnuțiu,41,Sibiu,Romania
SB-25-SOM,2024-10-15 11:12:57+00:00,2BCN5D,120L,Strada Simion Bărnuțiu,38,Sibiu,Romania
SB-25-SOM,2024-10-15 11:13:25+00:00,PJW7,120L,Strada Simion Bărnuțiu,33,Sibiu,Romania
SB-25-SOM,2024-10-15 11:13:28+00:00,J2FI,120L,Strada Simion Bărnuțiu,31,Sibiu,Romania
SB-25-SOM,2024-10-15 11:13:53+00:00,6GHW,120L,Strada Simion Bărnuțiu,32,Sibiu,Romania
SB-25-SOM,2024-10-15 11:14:13+00:00,KFY4DZ,120L,Strada Viorelelor,26,Sibiu,Romania
SB-25-SOM,2024-10-15 11:14:15+00:00,LCPJ6E,120L,Strada Simion Bărnuțiu,30,Sibiu,Romania
SB-25-SOM,2024-10-15 11:14:39+00:00,GJZX,120L,Strada Simion Bărnuțiu,28,Sibiu,Romania
SB-25-SOM,2024-10-15 11:15:06+00:00,LZCS,120L,Strada Simion Bărnuțiu,25,Sibiu,Romania
SB-25-SOM,2024-10-15 11:15:50+00:00,JPRILB,120L,Strada Simion Bărnuțiu,23,Sibiu,Romania
SB-25-SOM,2024-10-15 11:16:42+00:00,N4WDNF,120L,Strada Simion Bărnuțiu,16,Sibiu,Romania
SB-25-SOM,2024-10-15 11:17:04+00:00,Z7IT,120L,Strada Simion Bărnuțiu,14,Sibiu,Romania
SB-25-SOM,2024-10-15 11:18:19+00:00,QFFS,120L,Strada Simion Bărnuțiu,2,Sibiu,Romania
SB-25-SOM,2024-10-15 11:18:47+00:00,FECC,120L,Strada Simion Bărnuțiu,1,Sibiu,Romania
SB-25-SOM,2024-10-15 11:19:16+00:00,F3G5,120L,Strada Simion Bărnuțiu,2 A,Sibiu,Romania
SB-25-SOM,2024-10-15 11:19:56+00:00,K6LO3M,240L,Simion Bărnuțiu,1 A,Sibiu,Romania
